position,old_name,new_name,old_base,new_base,aggregate_suffix,source_group,mapping_type,notes
1,case_id,case_id,case_id,case_id,,key,unchanged,
2,num_group1_count,num_group1_count,num_group1_count,num_group1_count,,num_group1_helper,unchanged,
3,num_group1_min,num_group1_min,num_group1_min,num_group1_min,,num_group1_helper,unchanged,
4,num_group1_max,num_group1_max,num_group1_max,num_group1_max,,num_group1_helper,unchanged,
5,num_group1_n_unique,num_group1_n_unique,num_group1_n_unique,num_group1_n_unique,,num_group1_helper,unchanged,
6,存續中合約的分類。_1__mode,classificationofcontr_13M__mode,存續中合約的分類。_1,classificationofcontr_13M,mode,a1,base_suffix,
7,存續中合約的分類。_1__n_unique,classificationofcontr_13M__n_unique,存續中合約的分類。_1,classificationofcontr_13M,n_unique,a1,base_suffix,
8,存續中合約的分類。_1__null_rate,classificationofcontr_13M__null_rate,存續中合約的分類。_1,classificationofcontr_13M,null_rate,a1,base_suffix,
9,存續中合約的分類。_1__non_null_count,classificationofcontr_13M__non_null_count,存續中合約的分類。_1,classificationofcontr_13M,non_null_count,a1,base_suffix,
10,合約狀態。_1__mode,contractst_545M__mode,合約狀態。_1,contractst_545M,mode,a1,base_suffix,
11,合約狀態。_1__n_unique,contractst_545M__n_unique,合約狀態。_1,contractst_545M,n_unique,a1,base_suffix,
12,合約狀態。_1__null_rate,contractst_545M__null_rate,合約狀態。_1,contractst_545M,null_rate,a1,base_suffix,
13,合約狀態。_1__non_null_count,contractst_545M__non_null_count,合約狀態。_1,contractst_545M,non_null_count,a1,base_suffix,
14,其他合約價值的總和。__mean,contractsum_5085717L__mean,其他合約價值的總和。,contractsum_5085717L,mean,a1,base_suffix,
15,其他合約價值的總和。__max,contractsum_5085717L__max,其他合約價值的總和。,contractsum_5085717L,max,a1,base_suffix,
16,其他合約價值的總和。__min,contractsum_5085717L__min,其他合約價值的總和。,contractsum_5085717L,min,a1,base_suffix,
17,其他合約價值的總和。__std,contractsum_5085717L__std,其他合約價值的總和。,contractsum_5085717L,std,a1,base_suffix,
18,其他合約價值的總和。__sum,contractsum_5085717L__sum,其他合約價值的總和。,contractsum_5085717L,sum,a1,base_suffix,
19,其他合約價值的總和。__null_rate,contractsum_5085717L__null_rate,其他合約價值的總和。,contractsum_5085717L,null_rate,a1,base_suffix,
20,其他合約價值的總和。__non_null_count,contractsum_5085717L__non_null_count,其他合約價值的總和。,contractsum_5085717L,non_null_count,a1,base_suffix,
21,聯徵中心已結清授信合約的授信額度。__mean,credlmt_230A__mean,聯徵中心已結清授信合約的授信額度。,credlmt_230A,mean,a1,base_suffix,
22,聯徵中心已結清授信合約的授信額度。__max,credlmt_230A__max,聯徵中心已結清授信合約的授信額度。,credlmt_230A,max,a1,base_suffix,
23,聯徵中心已結清授信合約的授信額度。__min,credlmt_230A__min,聯徵中心已結清授信合約的授信額度。,credlmt_230A,min,a1,base_suffix,
24,聯徵中心已結清授信合約的授信額度。__std,credlmt_230A__std,聯徵中心已結清授信合約的授信額度。,credlmt_230A,std,a1,base_suffix,
25,聯徵中心已結清授信合約的授信額度。__sum,credlmt_230A__sum,聯徵中心已結清授信合約的授信額度。,credlmt_230A,sum,a1,base_suffix,
26,聯徵中心已結清授信合約的授信額度。__null_rate,credlmt_230A__null_rate,聯徵中心已結清授信合約的授信額度。,credlmt_230A,null_rate,a1,base_suffix,
27,聯徵中心已結清授信合約的授信額度。__non_null_count,credlmt_230A__non_null_count,聯徵中心已結清授信合約的授信額度。,credlmt_230A,non_null_count,a1,base_suffix,
28,存續中貸款的授信額度。_2__mean,credlmt_935A__mean,存續中貸款的授信額度。_2,credlmt_935A,mean,a1,base_suffix,
29,存續中貸款的授信額度。_2__max,credlmt_935A__max,存續中貸款的授信額度。_2,credlmt_935A,max,a1,base_suffix,
30,存續中貸款的授信額度。_2__min,credlmt_935A__min,存續中貸款的授信額度。_2,credlmt_935A,min,a1,base_suffix,
31,存續中貸款的授信額度。_2__std,credlmt_935A__std,存續中貸款的授信額度。_2,credlmt_935A,std,a1,base_suffix,
32,存續中貸款的授信額度。_2__sum,credlmt_935A__sum,存續中貸款的授信額度。_2,credlmt_935A,sum,a1,base_suffix,
33,存續中貸款的授信額度。_2__null_rate,credlmt_935A__null_rate,存續中貸款的授信額度。_2,credlmt_935A,null_rate,a1,base_suffix,
34,存續中貸款的授信額度。_2__non_null_count,credlmt_935A__non_null_count,存續中貸款的授信額度。_2,credlmt_935A,non_null_count,a1,base_suffix,
35,現有合約的未償金額。__mean,debtoutstand_525A__mean,現有合約的未償金額。,debtoutstand_525A,mean,a1,base_suffix,
36,現有合約的未償金額。__max,debtoutstand_525A__max,現有合約的未償金額。,debtoutstand_525A,max,a1,base_suffix,
37,現有合約的未償金額。__min,debtoutstand_525A__min,現有合約的未償金額。,debtoutstand_525A,min,a1,base_suffix,
38,現有合約的未償金額。__std,debtoutstand_525A__std,現有合約的未償金額。,debtoutstand_525A,std,a1,base_suffix,
39,現有合約的未償金額。__sum,debtoutstand_525A__sum,現有合約的未償金額。,debtoutstand_525A,sum,a1,base_suffix,
40,現有合約的未償金額。__null_rate,debtoutstand_525A__null_rate,現有合約的未償金額。,debtoutstand_525A,null_rate,a1,base_suffix,
41,現有合約的未償金額。__non_null_count,debtoutstand_525A__non_null_count,現有合約的未償金額。,debtoutstand_525A,non_null_count,a1,base_suffix,
42,客戶現有授信合約目前的逾期金額。__mean,debtoverdue_47A__mean,客戶現有授信合約目前的逾期金額。,debtoverdue_47A,mean,a1,base_suffix,
43,客戶現有授信合約目前的逾期金額。__max,debtoverdue_47A__max,客戶現有授信合約目前的逾期金額。,debtoverdue_47A,max,a1,base_suffix,
44,客戶現有授信合約目前的逾期金額。__min,debtoverdue_47A__min,客戶現有授信合約目前的逾期金額。,debtoverdue_47A,min,a1,base_suffix,
45,客戶現有授信合約目前的逾期金額。__std,debtoverdue_47A__std,客戶現有授信合約目前的逾期金額。,debtoverdue_47A,std,a1,base_suffix,
46,客戶現有授信合約目前的逾期金額。__sum,debtoverdue_47A__sum,客戶現有授信合約目前的逾期金額。,debtoverdue_47A,sum,a1,base_suffix,
47,客戶現有授信合約目前的逾期金額。__null_rate,debtoverdue_47A__null_rate,客戶現有授信合約目前的逾期金額。,debtoverdue_47A,null_rate,a1,base_suffix,
48,客戶現有授信合約目前的逾期金額。__non_null_count,debtoverdue_47A__non_null_count,客戶現有授信合約目前的逾期金額。,debtoverdue_47A,non_null_count,a1,base_suffix,
49,聯徵中心對客戶的分類。__mode,description_351M__mode,聯徵中心對客戶的分類。,description_351M,mode,a1,base_suffix,
50,聯徵中心對客戶的分類。__n_unique,description_351M__n_unique,聯徵中心對客戶的分類。,description_351M,n_unique,a1,base_suffix,
51,聯徵中心對客戶的分類。__null_rate,description_351M__null_rate,聯徵中心對客戶的分類。,description_351M,null_rate,a1,base_suffix,
52,聯徵中心對客戶的分類。__non_null_count,description_351M__non_null_count,聯徵中心對客戶的分類。,description_351M,non_null_count,a1,base_suffix,
53,存續中合約的最大逾期天數。__mean,dpdmax_139P__mean,存續中合約的最大逾期天數。,dpdmax_139P,mean,a1,base_suffix,
54,存續中合約的最大逾期天數。__max,dpdmax_139P__max,存續中合約的最大逾期天數。,dpdmax_139P,max,a1,base_suffix,
55,存續中合約的最大逾期天數。__min,dpdmax_139P__min,存續中合約的最大逾期天數。,dpdmax_139P,min,a1,base_suffix,
56,存續中合約的最大逾期天數。__std,dpdmax_139P__std,存續中合約的最大逾期天數。,dpdmax_139P,std,a1,base_suffix,
57,存續中合約的最大逾期天數。__sum,dpdmax_139P__sum,存續中合約的最大逾期天數。,dpdmax_139P,sum,a1,base_suffix,
58,存續中合約的最大逾期天數。__null_rate,dpdmax_139P__null_rate,存續中合約的最大逾期天數。,dpdmax_139P,null_rate,a1,base_suffix,
59,存續中合約的最大逾期天數。__non_null_count,dpdmax_139P__non_null_count,存續中合約的最大逾期天數。,dpdmax_139P,non_null_count,a1,base_suffix,
60,已結清合約的最大逾期天數。__mean,dpdmax_757P__mean,已結清合約的最大逾期天數。,dpdmax_757P,mean,a1,base_suffix,
61,已結清合約的最大逾期天數。__max,dpdmax_757P__max,已結清合約的最大逾期天數。,dpdmax_757P,max,a1,base_suffix,
62,已結清合約的最大逾期天數。__min,dpdmax_757P__min,已結清合約的最大逾期天數。,dpdmax_757P,min,a1,base_suffix,
63,已結清合約的最大逾期天數。__std,dpdmax_757P__std,已結清合約的最大逾期天數。,dpdmax_757P,std,a1,base_suffix,
64,已結清合約的最大逾期天數。__sum,dpdmax_757P__sum,已結清合約的最大逾期天數。,dpdmax_757P,sum,a1,base_suffix,
65,已結清合約的最大逾期天數。__null_rate,dpdmax_757P__null_rate,已結清合約的最大逾期天數。,dpdmax_757P,null_rate,a1,base_suffix,
66,已結清合約的最大逾期天數。__non_null_count,dpdmax_757P__non_null_count,已結清合約的最大逾期天數。,dpdmax_757P,non_null_count,a1,base_suffix,
67,聯徵中心存續合約的分期金額。__mean,instlamount_768A__mean,聯徵中心存續合約的分期金額。,instlamount_768A,mean,a1,base_suffix,
68,聯徵中心存續合約的分期金額。__max,instlamount_768A__max,聯徵中心存續合約的分期金額。,instlamount_768A,max,a1,base_suffix,
69,聯徵中心存續合約的分期金額。__min,instlamount_768A__min,聯徵中心存續合約的分期金額。,instlamount_768A,min,a1,base_suffix,
70,聯徵中心存續合約的分期金額。__std,instlamount_768A__std,聯徵中心存續合約的分期金額。,instlamount_768A,std,a1,base_suffix,
71,聯徵中心存續合約的分期金額。__sum,instlamount_768A__sum,聯徵中心存續合約的分期金額。,instlamount_768A,sum,a1,base_suffix,
72,聯徵中心存續合約的分期金額。__null_rate,instlamount_768A__null_rate,聯徵中心存續合約的分期金額。,instlamount_768A,null_rate,a1,base_suffix,
73,聯徵中心存續合約的分期金額。__non_null_count,instlamount_768A__non_null_count,聯徵中心存續合約的分期金額。,instlamount_768A,non_null_count,a1,base_suffix,
74,已結清合約的分期金額。__mean,instlamount_852A__mean,已結清合約的分期金額。,instlamount_852A,mean,a1,base_suffix,
75,已結清合約的分期金額。__max,instlamount_852A__max,已結清合約的分期金額。,instlamount_852A,max,a1,base_suffix,
76,已結清合約的分期金額。__min,instlamount_852A__min,已結清合約的分期金額。,instlamount_852A,min,a1,base_suffix,
77,已結清合約的分期金額。__std,instlamount_852A__std,已結清合約的分期金額。,instlamount_852A,std,a1,base_suffix,
78,已結清合約的分期金額。__sum,instlamount_852A__sum,已結清合約的分期金額。,instlamount_852A,sum,a1,base_suffix,
79,已結清合約的分期金額。__null_rate,instlamount_852A__null_rate,已結清合約的分期金額。,instlamount_852A,null_rate,a1,base_suffix,
80,已結清合約的分期金額。__non_null_count,instlamount_852A__non_null_count,已結清合約的分期金額。,instlamount_852A,non_null_count,a1,base_suffix,
81,存續中合約的每月分期金額。__mean,monthlyinstlamount_332A__mean,存續中合約的每月分期金額。,monthlyinstlamount_332A,mean,a1,base_suffix,
82,存續中合約的每月分期金額。__max,monthlyinstlamount_332A__max,存續中合約的每月分期金額。,monthlyinstlamount_332A,max,a1,base_suffix,
83,存續中合約的每月分期金額。__min,monthlyinstlamount_332A__min,存續中合約的每月分期金額。,monthlyinstlamount_332A,min,a1,base_suffix,
84,存續中合約的每月分期金額。__std,monthlyinstlamount_332A__std,存續中合約的每月分期金額。,monthlyinstlamount_332A,std,a1,base_suffix,
85,存續中合約的每月分期金額。__sum,monthlyinstlamount_332A__sum,存續中合約的每月分期金額。,monthlyinstlamount_332A,sum,a1,base_suffix,
86,存續中合約的每月分期金額。__null_rate,monthlyinstlamount_332A__null_rate,存續中合約的每月分期金額。,monthlyinstlamount_332A,null_rate,a1,base_suffix,
87,存續中合約的每月分期金額。__non_null_count,monthlyinstlamount_332A__non_null_count,存續中合約的每月分期金額。,monthlyinstlamount_332A,non_null_count,a1,base_suffix,
88,已結清合約的每月分期繳款金額。__mean,monthlyinstlamount_674A__mean,已結清合約的每月分期繳款金額。,monthlyinstlamount_674A,mean,a1,base_suffix,
89,已結清合約的每月分期繳款金額。__max,monthlyinstlamount_674A__max,已結清合約的每月分期繳款金額。,monthlyinstlamount_674A,max,a1,base_suffix,
90,已結清合約的每月分期繳款金額。__min,monthlyinstlamount_674A__min,已結清合約的每月分期繳款金額。,monthlyinstlamount_674A,min,a1,base_suffix,
91,已結清合約的每月分期繳款金額。__std,monthlyinstlamount_674A__std,已結清合約的每月分期繳款金額。,monthlyinstlamount_674A,std,a1,base_suffix,
92,已結清合約的每月分期繳款金額。__sum,monthlyinstlamount_674A__sum,已結清合約的每月分期繳款金額。,monthlyinstlamount_674A,sum,a1,base_suffix,
93,已結清合約的每月分期繳款金額。__null_rate,monthlyinstlamount_674A__null_rate,已結清合約的每月分期繳款金額。,monthlyinstlamount_674A,null_rate,a1,base_suffix,
94,已結清合約的每月分期繳款金額。__non_null_count,monthlyinstlamount_674A__non_null_count,已結清合約的每月分期繳款金額。,monthlyinstlamount_674A,non_null_count,a1,base_suffix,
95,已結清合約的未繳分期期數。__mean,numberofoutstandinstls_520L__mean,已結清合約的未繳分期期數。,numberofoutstandinstls_520L,mean,a1,base_suffix,
96,已結清合約的未繳分期期數。__max,numberofoutstandinstls_520L__max,已結清合約的未繳分期期數。,numberofoutstandinstls_520L,max,a1,base_suffix,
97,已結清合約的未繳分期期數。__min,numberofoutstandinstls_520L__min,已結清合約的未繳分期期數。,numberofoutstandinstls_520L,min,a1,base_suffix,
98,已結清合約的未繳分期期數。__std,numberofoutstandinstls_520L__std,已結清合約的未繳分期期數。,numberofoutstandinstls_520L,std,a1,base_suffix,
99,已結清合約的未繳分期期數。__sum,numberofoutstandinstls_520L__sum,已結清合約的未繳分期期數。,numberofoutstandinstls_520L,sum,a1,base_suffix,
100,已結清合約的未繳分期期數。__null_rate,numberofoutstandinstls_520L__null_rate,已結清合約的未繳分期期數。,numberofoutstandinstls_520L,null_rate,a1,base_suffix,
101,已結清合約的未繳分期期數。__non_null_count,numberofoutstandinstls_520L__non_null_count,已結清合約的未繳分期期數。,numberofoutstandinstls_520L,non_null_count,a1,base_suffix,
102,存續中合約的未繳分期期數。__mean,numberofoutstandinstls_59L__mean,存續中合約的未繳分期期數。,numberofoutstandinstls_59L,mean,a1,base_suffix,
103,存續中合約的未繳分期期數。__max,numberofoutstandinstls_59L__max,存續中合約的未繳分期期數。,numberofoutstandinstls_59L,max,a1,base_suffix,
104,存續中合約的未繳分期期數。__min,numberofoutstandinstls_59L__min,存續中合約的未繳分期期數。,numberofoutstandinstls_59L,min,a1,base_suffix,
105,存續中合約的未繳分期期數。__std,numberofoutstandinstls_59L__std,存續中合約的未繳分期期數。,numberofoutstandinstls_59L,std,a1,base_suffix,
106,存續中合約的未繳分期期數。__sum,numberofoutstandinstls_59L__sum,存續中合約的未繳分期期數。,numberofoutstandinstls_59L,sum,a1,base_suffix,
107,存續中合約的未繳分期期數。__null_rate,numberofoutstandinstls_59L__null_rate,存續中合約的未繳分期期數。,numberofoutstandinstls_59L,null_rate,a1,base_suffix,
108,存續中合約的未繳分期期數。__non_null_count,numberofoutstandinstls_59L__non_null_count,存續中合約的未繳分期期數。,numberofoutstandinstls_59L,non_null_count,a1,base_suffix,
109,存續中合約的未繳分期期數。_1__mean,numberofoverdueinstlmax_1039L__mean,存續中合約的未繳分期期數。_1,numberofoverdueinstlmax_1039L,mean,a1,base_suffix,
110,存續中合約的未繳分期期數。_1__max,numberofoverdueinstlmax_1039L__max,存續中合約的未繳分期期數。_1,numberofoverdueinstlmax_1039L,max,a1,base_suffix,
111,存續中合約的未繳分期期數。_1__min,numberofoverdueinstlmax_1039L__min,存續中合約的未繳分期期數。_1,numberofoverdueinstlmax_1039L,min,a1,base_suffix,
112,存續中合約的未繳分期期數。_1__std,numberofoverdueinstlmax_1039L__std,存續中合約的未繳分期期數。_1,numberofoverdueinstlmax_1039L,std,a1,base_suffix,
113,存續中合約的未繳分期期數。_1__sum,numberofoverdueinstlmax_1039L__sum,存續中合約的未繳分期期數。_1,numberofoverdueinstlmax_1039L,sum,a1,base_suffix,
114,存續中合約的未繳分期期數。_1__null_rate,numberofoverdueinstlmax_1039L__null_rate,存續中合約的未繳分期期數。_1,numberofoverdueinstlmax_1039L,null_rate,a1,base_suffix,
115,存續中合約的未繳分期期數。_1__non_null_count,numberofoverdueinstlmax_1039L__non_null_count,存續中合約的未繳分期期數。_1,numberofoverdueinstlmax_1039L,non_null_count,a1,base_suffix,
116,已結清合約逾期分期的最大期數。__mean,numberofoverdueinstlmax_1151L__mean,已結清合約逾期分期的最大期數。,numberofoverdueinstlmax_1151L,mean,a1,base_suffix,
117,已結清合約逾期分期的最大期數。__max,numberofoverdueinstlmax_1151L__max,已結清合約逾期分期的最大期數。,numberofoverdueinstlmax_1151L,max,a1,base_suffix,
118,已結清合約逾期分期的最大期數。__min,numberofoverdueinstlmax_1151L__min,已結清合約逾期分期的最大期數。,numberofoverdueinstlmax_1151L,min,a1,base_suffix,
119,已結清合約逾期分期的最大期數。__std,numberofoverdueinstlmax_1151L__std,已結清合約逾期分期的最大期數。,numberofoverdueinstlmax_1151L,std,a1,base_suffix,
120,已結清合約逾期分期的最大期數。__sum,numberofoverdueinstlmax_1151L__sum,已結清合約逾期分期的最大期數。,numberofoverdueinstlmax_1151L,sum,a1,base_suffix,
121,已結清合約逾期分期的最大期數。__null_rate,numberofoverdueinstlmax_1151L__null_rate,已結清合約逾期分期的最大期數。,numberofoverdueinstlmax_1151L,null_rate,a1,base_suffix,
122,已結清合約逾期分期的最大期數。__non_null_count,numberofoverdueinstlmax_1151L__non_null_count,已結清合約逾期分期的最大期數。,numberofoverdueinstlmax_1151L,non_null_count,a1,base_suffix,
123,存續合約逾期分期的最大期數。__mean,numberofoverdueinstls_725L__mean,存續合約逾期分期的最大期數。,numberofoverdueinstls_725L,mean,a1,base_suffix,
124,存續合約逾期分期的最大期數。__max,numberofoverdueinstls_725L__max,存續合約逾期分期的最大期數。,numberofoverdueinstls_725L,max,a1,base_suffix,
125,存續合約逾期分期的最大期數。__min,numberofoverdueinstls_725L__min,存續合約逾期分期的最大期數。,numberofoverdueinstls_725L,min,a1,base_suffix,
126,存續合約逾期分期的最大期數。__std,numberofoverdueinstls_725L__std,存續合約逾期分期的最大期數。,numberofoverdueinstls_725L,std,a1,base_suffix,
127,存續合約逾期分期的最大期數。__sum,numberofoverdueinstls_725L__sum,存續合約逾期分期的最大期數。,numberofoverdueinstls_725L,sum,a1,base_suffix,
128,存續合約逾期分期的最大期數。__null_rate,numberofoverdueinstls_725L__null_rate,存續合約逾期分期的最大期數。,numberofoverdueinstls_725L,null_rate,a1,base_suffix,
129,存續合約逾期分期的最大期數。__non_null_count,numberofoverdueinstls_725L__non_null_count,存續合約逾期分期的最大期數。,numberofoverdueinstls_725L,non_null_count,a1,base_suffix,
130,已結清合約的逾期分期期數。__mean,numberofoverdueinstls_834L__mean,已結清合約的逾期分期期數。,numberofoverdueinstls_834L,mean,a1,base_suffix,
131,已結清合約的逾期分期期數。__max,numberofoverdueinstls_834L__max,已結清合約的逾期分期期數。,numberofoverdueinstls_834L,max,a1,base_suffix,
132,已結清合約的逾期分期期數。__min,numberofoverdueinstls_834L__min,已結清合約的逾期分期期數。,numberofoverdueinstls_834L,min,a1,base_suffix,
133,已結清合約的逾期分期期數。__std,numberofoverdueinstls_834L__std,已結清合約的逾期分期期數。,numberofoverdueinstls_834L,std,a1,base_suffix,
134,已結清合約的逾期分期期數。__sum,numberofoverdueinstls_834L__sum,已結清合約的逾期分期期數。,numberofoverdueinstls_834L,sum,a1,base_suffix,
135,已結清合約的逾期分期期數。__null_rate,numberofoverdueinstls_834L__null_rate,已結清合約的逾期分期期數。,numberofoverdueinstls_834L,null_rate,a1,base_suffix,
136,已結清合約的逾期分期期數。__non_null_count,numberofoverdueinstls_834L__non_null_count,已結清合約的逾期分期期數。,numberofoverdueinstls_834L,non_null_count,a1,base_suffix,
137,聯徵中心已結清授信合約的未償金額。__mean,outstandingamount_354A__mean,聯徵中心已結清授信合約的未償金額。,outstandingamount_354A,mean,a1,base_suffix,
138,聯徵中心已結清授信合約的未償金額。__max,outstandingamount_354A__max,聯徵中心已結清授信合約的未償金額。,outstandingamount_354A,max,a1,base_suffix,
139,聯徵中心已結清授信合約的未償金額。__min,outstandingamount_354A__min,聯徵中心已結清授信合約的未償金額。,outstandingamount_354A,min,a1,base_suffix,
140,聯徵中心已結清授信合約的未償金額。__std,outstandingamount_354A__std,聯徵中心已結清授信合約的未償金額。,outstandingamount_354A,std,a1,base_suffix,
141,聯徵中心已結清授信合約的未償金額。__sum,outstandingamount_354A__sum,聯徵中心已結清授信合約的未償金額。,outstandingamount_354A,sum,a1,base_suffix,
142,聯徵中心已結清授信合約的未償金額。__null_rate,outstandingamount_354A__null_rate,聯徵中心已結清授信合約的未償金額。,outstandingamount_354A,null_rate,a1,base_suffix,
143,聯徵中心已結清授信合約的未償金額。__non_null_count,outstandingamount_354A__non_null_count,聯徵中心已結清授信合約的未償金額。,outstandingamount_354A,non_null_count,a1,base_suffix,
144,存續中合約的未償金額。__mean,outstandingamount_362A__mean,存續中合約的未償金額。,outstandingamount_362A,mean,a1,base_suffix,
145,存續中合約的未償金額。__max,outstandingamount_362A__max,存續中合約的未償金額。,outstandingamount_362A,max,a1,base_suffix,
146,存續中合約的未償金額。__min,outstandingamount_362A__min,存續中合約的未償金額。,outstandingamount_362A,min,a1,base_suffix,
147,存續中合約的未償金額。__std,outstandingamount_362A__std,存續中合約的未償金額。,outstandingamount_362A,std,a1,base_suffix,
148,存續中合約的未償金額。__sum,outstandingamount_362A__sum,存續中合約的未償金額。,outstandingamount_362A,sum,a1,base_suffix,
149,存續中合約的未償金額。__null_rate,outstandingamount_362A__null_rate,存續中合約的未償金額。,outstandingamount_362A,null_rate,a1,base_suffix,
150,存續中合約的未償金額。__non_null_count,outstandingamount_362A__non_null_count,存續中合約的未償金額。,outstandingamount_362A,non_null_count,a1,base_suffix,
151,已結清合約的逾期金額。__mean,overdueamount_31A__mean,已結清合約的逾期金額。,overdueamount_31A,mean,a1,base_suffix,
152,已結清合約的逾期金額。__max,overdueamount_31A__max,已結清合約的逾期金額。,overdueamount_31A,max,a1,base_suffix,
153,已結清合約的逾期金額。__min,overdueamount_31A__min,已結清合約的逾期金額。,overdueamount_31A,min,a1,base_suffix,
154,已結清合約的逾期金額。__std,overdueamount_31A__std,已結清合約的逾期金額。,overdueamount_31A,std,a1,base_suffix,
155,已結清合約的逾期金額。__sum,overdueamount_31A__sum,已結清合約的逾期金額。,overdueamount_31A,sum,a1,base_suffix,
156,已結清合約的逾期金額。__null_rate,overdueamount_31A__null_rate,已結清合約的逾期金額。,overdueamount_31A,null_rate,a1,base_suffix,
157,已結清合約的逾期金額。__non_null_count,overdueamount_31A__non_null_count,已結清合約的逾期金額。,overdueamount_31A,non_null_count,a1,base_suffix,
158,存續中合約的逾期金額。__mean,overdueamount_659A__mean,存續中合約的逾期金額。,overdueamount_659A,mean,a1,base_suffix,
159,存續中合約的逾期金額。__max,overdueamount_659A__max,存續中合約的逾期金額。,overdueamount_659A,max,a1,base_suffix,
160,存續中合約的逾期金額。__min,overdueamount_659A__min,存續中合約的逾期金額。,overdueamount_659A,min,a1,base_suffix,
161,存續中合約的逾期金額。__std,overdueamount_659A__std,存續中合約的逾期金額。,overdueamount_659A,std,a1,base_suffix,
162,存續中合約的逾期金額。__sum,overdueamount_659A__sum,存續中合約的逾期金額。,overdueamount_659A,sum,a1,base_suffix,
163,存續中合約的逾期金額。__null_rate,overdueamount_659A__null_rate,存續中合約的逾期金額。,overdueamount_659A,null_rate,a1,base_suffix,
164,存續中合約的逾期金額。__non_null_count,overdueamount_659A__non_null_count,存續中合約的逾期金額。,overdueamount_659A,non_null_count,a1,base_suffix,
165,存續中合約的最大逾期金額。_2__mean,overdueamountmax2_14A__mean,存續中合約的最大逾期金額。_2,overdueamountmax2_14A,mean,a1,base_suffix,
166,存續中合約的最大逾期金額。_2__max,overdueamountmax2_14A__max,存續中合約的最大逾期金額。_2,overdueamountmax2_14A,max,a1,base_suffix,
167,存續中合約的最大逾期金額。_2__min,overdueamountmax2_14A__min,存續中合約的最大逾期金額。_2,overdueamountmax2_14A,min,a1,base_suffix,
168,存續中合約的最大逾期金額。_2__std,overdueamountmax2_14A__std,存續中合約的最大逾期金額。_2,overdueamountmax2_14A,std,a1,base_suffix,
169,存續中合約的最大逾期金額。_2__sum,overdueamountmax2_14A__sum,存續中合約的最大逾期金額。_2,overdueamountmax2_14A,sum,a1,base_suffix,
170,存續中合約的最大逾期金額。_2__null_rate,overdueamountmax2_14A__null_rate,存續中合約的最大逾期金額。_2,overdueamountmax2_14A,null_rate,a1,base_suffix,
171,存續中合約的最大逾期金額。_2__non_null_count,overdueamountmax2_14A__non_null_count,存續中合約的最大逾期金額。_2,overdueamountmax2_14A,non_null_count,a1,base_suffix,
172,已結清合約的最大逾期金額。_1__mean,overdueamountmax2_398A__mean,已結清合約的最大逾期金額。_1,overdueamountmax2_398A,mean,a1,base_suffix,
173,已結清合約的最大逾期金額。_1__max,overdueamountmax2_398A__max,已結清合約的最大逾期金額。_1,overdueamountmax2_398A,max,a1,base_suffix,
174,已結清合約的最大逾期金額。_1__min,overdueamountmax2_398A__min,已結清合約的最大逾期金額。_1,overdueamountmax2_398A,min,a1,base_suffix,
175,已結清合約的最大逾期金額。_1__std,overdueamountmax2_398A__std,已結清合約的最大逾期金額。_1,overdueamountmax2_398A,std,a1,base_suffix,
176,已結清合約的最大逾期金額。_1__sum,overdueamountmax2_398A__sum,已結清合約的最大逾期金額。_1,overdueamountmax2_398A,sum,a1,base_suffix,
177,已結清合約的最大逾期金額。_1__null_rate,overdueamountmax2_398A__null_rate,已結清合約的最大逾期金額。_1,overdueamountmax2_398A,null_rate,a1,base_suffix,
178,已結清合約的最大逾期金額。_1__non_null_count,overdueamountmax2_398A__non_null_count,已結清合約的最大逾期金額。_1,overdueamountmax2_398A,non_null_count,a1,base_suffix,
179,存續中合約的最大逾期金額。__mean,overdueamountmax_155A__mean,存續中合約的最大逾期金額。,overdueamountmax_155A,mean,a1,base_suffix,
180,存續中合約的最大逾期金額。__max,overdueamountmax_155A__max,存續中合約的最大逾期金額。,overdueamountmax_155A,max,a1,base_suffix,
181,存續中合約的最大逾期金額。__min,overdueamountmax_155A__min,存續中合約的最大逾期金額。,overdueamountmax_155A,min,a1,base_suffix,
182,存續中合約的最大逾期金額。__std,overdueamountmax_155A__std,存續中合約的最大逾期金額。,overdueamountmax_155A,std,a1,base_suffix,
183,存續中合約的最大逾期金額。__sum,overdueamountmax_155A__sum,存續中合約的最大逾期金額。,overdueamountmax_155A,sum,a1,base_suffix,
184,存續中合約的最大逾期金額。__null_rate,overdueamountmax_155A__null_rate,存續中合約的最大逾期金額。,overdueamountmax_155A,null_rate,a1,base_suffix,
185,存續中合約的最大逾期金額。__non_null_count,overdueamountmax_155A__non_null_count,存續中合約的最大逾期金額。,overdueamountmax_155A,non_null_count,a1,base_suffix,
186,已結清合約的最大逾期金額。__mean,overdueamountmax_35A__mean,已結清合約的最大逾期金額。,overdueamountmax_35A,mean,a1,base_suffix,
187,已結清合約的最大逾期金額。__max,overdueamountmax_35A__max,已結清合約的最大逾期金額。,overdueamountmax_35A,max,a1,base_suffix,
188,已結清合約的最大逾期金額。__min,overdueamountmax_35A__min,已結清合約的最大逾期金額。,overdueamountmax_35A,min,a1,base_suffix,
189,已結清合約的最大逾期金額。__std,overdueamountmax_35A__std,已結清合約的最大逾期金額。,overdueamountmax_35A,std,a1,base_suffix,
190,已結清合約的最大逾期金額。__sum,overdueamountmax_35A__sum,已結清合約的最大逾期金額。,overdueamountmax_35A,sum,a1,base_suffix,
191,已結清合約的最大逾期金額。__null_rate,overdueamountmax_35A__null_rate,已結清合約的最大逾期金額。,overdueamountmax_35A,null_rate,a1,base_suffix,
192,已結清合約的最大逾期金額。__non_null_count,overdueamountmax_35A__non_null_count,已結清合約的最大逾期金額。,overdueamountmax_35A,non_null_count,a1,base_suffix,
193,依聯徵中心，已終止合約的展延次數。__mean,prolongationcount_1120L__mean,依聯徵中心，已終止合約的展延次數。,prolongationcount_1120L,mean,a1,base_suffix,
194,依聯徵中心，已終止合約的展延次數。__max,prolongationcount_1120L__max,依聯徵中心，已終止合約的展延次數。,prolongationcount_1120L,max,a1,base_suffix,
195,依聯徵中心，已終止合約的展延次數。__min,prolongationcount_1120L__min,依聯徵中心，已終止合約的展延次數。,prolongationcount_1120L,min,a1,base_suffix,
196,依聯徵中心，已終止合約的展延次數。__std,prolongationcount_1120L__std,依聯徵中心，已終止合約的展延次數。,prolongationcount_1120L,std,a1,base_suffix,
197,依聯徵中心，已終止合約的展延次數。__sum,prolongationcount_1120L__sum,依聯徵中心，已終止合約的展延次數。,prolongationcount_1120L,sum,a1,base_suffix,
198,依聯徵中心，已終止合約的展延次數。__null_rate,prolongationcount_1120L__null_rate,依聯徵中心，已終止合約的展延次數。,prolongationcount_1120L,null_rate,a1,base_suffix,
199,依聯徵中心，已終止合約的展延次數。__non_null_count,prolongationcount_1120L__non_null_count,依聯徵中心，已終止合約的展延次數。,prolongationcount_1120L,non_null_count,a1,base_suffix,
200,存續中合約的展延次數。__mean,prolongationcount_599L__mean,存續中合約的展延次數。,prolongationcount_599L,mean,a1,base_suffix,
201,存續中合約的展延次數。__max,prolongationcount_599L__max,存續中合約的展延次數。,prolongationcount_599L,max,a1,base_suffix,
202,存續中合約的展延次數。__min,prolongationcount_599L__min,存續中合約的展延次數。,prolongationcount_599L,min,a1,base_suffix,
203,存續中合約的展延次數。__std,prolongationcount_599L__std,存續中合約的展延次數。,prolongationcount_599L,std,a1,base_suffix,
204,存續中合約的展延次數。__sum,prolongationcount_599L__sum,存續中合約的展延次數。,prolongationcount_599L,sum,a1,base_suffix,
205,存續中合約的展延次數。__null_rate,prolongationcount_599L__null_rate,存續中合約的展延次數。,prolongationcount_599L,null_rate,a1,base_suffix,
206,存續中合約的展延次數。__non_null_count,prolongationcount_599L__non_null_count,存續中合約的展延次數。,prolongationcount_599L,non_null_count,a1,base_suffix,
207,存續中合約的授信用途。__mode,purposeofcred_426M__mode,存續中合約的授信用途。,purposeofcred_426M,mode,a1,base_suffix,
208,存續中合約的授信用途。__n_unique,purposeofcred_426M__n_unique,存續中合約的授信用途。,purposeofcred_426M,n_unique,a1,base_suffix,
209,存續中合約的授信用途。__null_rate,purposeofcred_426M__null_rate,存續中合約的授信用途。,purposeofcred_426M,null_rate,a1,base_suffix,
210,存續中合約的授信用途。__non_null_count,purposeofcred_426M__non_null_count,存續中合約的授信用途。,purposeofcred_426M,non_null_count,a1,base_suffix,
211,已結清合約的剩餘金額。__mean,residualamount_488A__mean,已結清合約的剩餘金額。,residualamount_488A,mean,a1,base_suffix,
212,已結清合約的剩餘金額。__max,residualamount_488A__max,已結清合約的剩餘金額。,residualamount_488A,max,a1,base_suffix,
213,已結清合約的剩餘金額。__min,residualamount_488A__min,已結清合約的剩餘金額。,residualamount_488A,min,a1,base_suffix,
214,已結清合約的剩餘金額。__std,residualamount_488A__std,已結清合約的剩餘金額。,residualamount_488A,std,a1,base_suffix,
215,已結清合約的剩餘金額。__sum,residualamount_488A__sum,已結清合約的剩餘金額。,residualamount_488A,sum,a1,base_suffix,
216,已結清合約的剩餘金額。__null_rate,residualamount_488A__null_rate,已結清合約的剩餘金額。,residualamount_488A,null_rate,a1,base_suffix,
217,已結清合約的剩餘金額。__non_null_count,residualamount_488A__non_null_count,已結清合約的剩餘金額。,residualamount_488A,non_null_count,a1,base_suffix,
218,存續中合約的剩餘金額。_1__mean,residualamount_856A__mean,存續中合約的剩餘金額。_1,residualamount_856A,mean,a1,base_suffix,
219,存續中合約的剩餘金額。_1__max,residualamount_856A__max,存續中合約的剩餘金額。_1,residualamount_856A,max,a1,base_suffix,
220,存續中合約的剩餘金額。_1__min,residualamount_856A__min,存續中合約的剩餘金額。_1,residualamount_856A,min,a1,base_suffix,
221,存續中合約的剩餘金額。_1__std,residualamount_856A__std,存續中合約的剩餘金額。_1,residualamount_856A,std,a1,base_suffix,
222,存續中合約的剩餘金額。_1__sum,residualamount_856A__sum,存續中合約的剩餘金額。_1,residualamount_856A,sum,a1,base_suffix,
223,存續中合約的剩餘金額。_1__null_rate,residualamount_856A__null_rate,存續中合約的剩餘金額。_1,residualamount_856A,null_rate,a1,base_suffix,
224,存續中合約的剩餘金額。_1__non_null_count,residualamount_856A__non_null_count,存續中合約的剩餘金額。_1,residualamount_856A,non_null_count,a1,base_suffix,
225,存續中授信合約的主體角色。__mode,subjectrole_182M__mode,存續中授信合約的主體角色。,subjectrole_182M,mode,a1,base_suffix,
226,存續中授信合約的主體角色。__n_unique,subjectrole_182M__n_unique,存續中授信合約的主體角色。,subjectrole_182M,n_unique,a1,base_suffix,
227,存續中授信合約的主體角色。__null_rate,subjectrole_182M__null_rate,存續中授信合約的主體角色。,subjectrole_182M,null_rate,a1,base_suffix,
228,存續中授信合約的主體角色。__non_null_count,subjectrole_182M__non_null_count,存續中授信合約的主體角色。,subjectrole_182M,non_null_count,a1,base_suffix,
229,已結清授信合約的主體角色。_1__mode,subjectrole_93M__mode,已結清授信合約的主體角色。_1,subjectrole_93M,mode,a1,base_suffix,
230,已結清授信合約的主體角色。_1__n_unique,subjectrole_93M__n_unique,已結清授信合約的主體角色。_1,subjectrole_93M,n_unique,a1,base_suffix,
231,已結清授信合約的主體角色。_1__null_rate,subjectrole_93M__null_rate,已結清授信合約的主體角色。_1,subjectrole_93M,null_rate,a1,base_suffix,
232,已結清授信合約的主體角色。_1__non_null_count,subjectrole_93M__non_null_count,已結清授信合約的主體角色。_1,subjectrole_93M,non_null_count,a1,base_suffix,
233,已結清合約的總金額。__mean,totalamount_6A__mean,已結清合約的總金額。,totalamount_6A,mean,a1,base_suffix,
234,已結清合約的總金額。__max,totalamount_6A__max,已結清合約的總金額。,totalamount_6A,max,a1,base_suffix,
235,已結清合約的總金額。__min,totalamount_6A__min,已結清合約的總金額。,totalamount_6A,min,a1,base_suffix,
236,已結清合約的總金額。__std,totalamount_6A__std,已結清合約的總金額。,totalamount_6A,std,a1,base_suffix,
237,已結清合約的總金額。__sum,totalamount_6A__sum,已結清合約的總金額。,totalamount_6A,sum,a1,base_suffix,
238,已結清合約的總金額。__null_rate,totalamount_6A__null_rate,已結清合約的總金額。,totalamount_6A,null_rate,a1,base_suffix,
239,已結清合約的總金額。__non_null_count,totalamount_6A__non_null_count,已結清合約的總金額。,totalamount_6A,non_null_count,a1,base_suffix,
240,聯徵中心存續中合約的總金額。__mean,totalamount_996A__mean,聯徵中心存續中合約的總金額。,totalamount_996A,mean,a1,base_suffix,
241,聯徵中心存續中合約的總金額。__max,totalamount_996A__max,聯徵中心存續中合約的總金額。,totalamount_996A,max,a1,base_suffix,
242,聯徵中心存續中合約的總金額。__min,totalamount_996A__min,聯徵中心存續中合約的總金額。,totalamount_996A,min,a1,base_suffix,
243,聯徵中心存續中合約的總金額。__std,totalamount_996A__std,聯徵中心存續中合約的總金額。,totalamount_996A,std,a1,base_suffix,
244,聯徵中心存續中合約的總金額。__sum,totalamount_996A__sum,聯徵中心存續中合約的總金額。,totalamount_996A,sum,a1,base_suffix,
245,聯徵中心存續中合約的總金額。__null_rate,totalamount_996A__null_rate,聯徵中心存續中合約的總金額。,totalamount_996A,null_rate,a1,base_suffix,
246,聯徵中心存續中合約的總金額。__non_null_count,totalamount_996A__non_null_count,聯徵中心存續中合約的總金額。,totalamount_996A,non_null_count,a1,base_suffix,
247,存續中合約逾期債務的總金額。__mean,totaldebtoverduevalue_178A__mean,存續中合約逾期債務的總金額。,totaldebtoverduevalue_178A,mean,a1,base_suffix,
248,存續中合約逾期債務的總金額。__max,totaldebtoverduevalue_178A__max,存續中合約逾期債務的總金額。,totaldebtoverduevalue_178A,max,a1,base_suffix,
249,存續中合約逾期債務的總金額。__min,totaldebtoverduevalue_178A__min,存續中合約逾期債務的總金額。,totaldebtoverduevalue_178A,min,a1,base_suffix,
250,存續中合約逾期債務的總金額。__std,totaldebtoverduevalue_178A__std,存續中合約逾期債務的總金額。,totaldebtoverduevalue_178A,std,a1,base_suffix,
251,存續中合約逾期債務的總金額。__sum,totaldebtoverduevalue_178A__sum,存續中合約逾期債務的總金額。,totaldebtoverduevalue_178A,sum,a1,base_suffix,
252,存續中合約逾期債務的總金額。__null_rate,totaldebtoverduevalue_178A__null_rate,存續中合約逾期債務的總金額。,totaldebtoverduevalue_178A,null_rate,a1,base_suffix,
253,存續中合約逾期債務的總金額。__non_null_count,totaldebtoverduevalue_178A__non_null_count,存續中合約逾期債務的總金額。,totaldebtoverduevalue_178A,non_null_count,a1,base_suffix,
254,已結清授信合約逾期債務的總金額。__mean,totaldebtoverduevalue_718A__mean,已結清授信合約逾期債務的總金額。,totaldebtoverduevalue_718A,mean,a1,base_suffix,
255,已結清授信合約逾期債務的總金額。__max,totaldebtoverduevalue_718A__max,已結清授信合約逾期債務的總金額。,totaldebtoverduevalue_718A,max,a1,base_suffix,
256,已結清授信合約逾期債務的總金額。__min,totaldebtoverduevalue_718A__min,已結清授信合約逾期債務的總金額。,totaldebtoverduevalue_718A,min,a1,base_suffix,
257,已結清授信合約逾期債務的總金額。__std,totaldebtoverduevalue_718A__std,已結清授信合約逾期債務的總金額。,totaldebtoverduevalue_718A,std,a1,base_suffix,
258,已結清授信合約逾期債務的總金額。__sum,totaldebtoverduevalue_718A__sum,已結清授信合約逾期債務的總金額。,totaldebtoverduevalue_718A,sum,a1,base_suffix,
259,已結清授信合約逾期債務的總金額。__null_rate,totaldebtoverduevalue_718A__null_rate,已結清授信合約逾期債務的總金額。,totaldebtoverduevalue_718A,null_rate,a1,base_suffix,
260,已結清授信合約逾期債務的總金額。__non_null_count,totaldebtoverduevalue_718A__non_null_count,已結清授信合約逾期債務的總金額。,totaldebtoverduevalue_718A,non_null_count,a1,base_suffix,
261,聯徵中心存續中合約的未償債務總額。__mean,totaloutstanddebtvalue_39A__mean,聯徵中心存續中合約的未償債務總額。,totaloutstanddebtvalue_39A,mean,a1,base_suffix,
262,聯徵中心存續中合約的未償債務總額。__max,totaloutstanddebtvalue_39A__max,聯徵中心存續中合約的未償債務總額。,totaloutstanddebtvalue_39A,max,a1,base_suffix,
263,聯徵中心存續中合約的未償債務總額。__min,totaloutstanddebtvalue_39A__min,聯徵中心存續中合約的未償債務總額。,totaloutstanddebtvalue_39A,min,a1,base_suffix,
264,聯徵中心存續中合約的未償債務總額。__std,totaloutstanddebtvalue_39A__std,聯徵中心存續中合約的未償債務總額。,totaloutstanddebtvalue_39A,std,a1,base_suffix,
265,聯徵中心存續中合約的未償債務總額。__sum,totaloutstanddebtvalue_39A__sum,聯徵中心存續中合約的未償債務總額。,totaloutstanddebtvalue_39A,sum,a1,base_suffix,
266,聯徵中心存續中合約的未償債務總額。__null_rate,totaloutstanddebtvalue_39A__null_rate,聯徵中心存續中合約的未償債務總額。,totaloutstanddebtvalue_39A,null_rate,a1,base_suffix,
267,聯徵中心存續中合約的未償債務總額。__non_null_count,totaloutstanddebtvalue_39A__non_null_count,聯徵中心存續中合約的未償債務總額。,totaloutstanddebtvalue_39A,non_null_count,a1,base_suffix,
268,聯徵中心已結清合約的未償債務總額。__mean,totaloutstanddebtvalue_668A__mean,聯徵中心已結清合約的未償債務總額。,totaloutstanddebtvalue_668A,mean,a1,base_suffix,
269,聯徵中心已結清合約的未償債務總額。__max,totaloutstanddebtvalue_668A__max,聯徵中心已結清合約的未償債務總額。,totaloutstanddebtvalue_668A,max,a1,base_suffix,
270,聯徵中心已結清合約的未償債務總額。__min,totaloutstanddebtvalue_668A__min,聯徵中心已結清合約的未償債務總額。,totaloutstanddebtvalue_668A,min,a1,base_suffix,
271,聯徵中心已結清合約的未償債務總額。__std,totaloutstanddebtvalue_668A__std,聯徵中心已結清合約的未償債務總額。,totaloutstanddebtvalue_668A,std,a1,base_suffix,
272,聯徵中心已結清合約的未償債務總額。__sum,totaloutstanddebtvalue_668A__sum,聯徵中心已結清合約的未償債務總額。,totaloutstanddebtvalue_668A,sum,a1,base_suffix,
273,聯徵中心已結清合約的未償債務總額。__null_rate,totaloutstanddebtvalue_668A__null_rate,聯徵中心已結清合約的未償債務總額。,totaloutstanddebtvalue_668A,null_rate,a1,base_suffix,
274,聯徵中心已結清合約的未償債務總額。__non_null_count,totaloutstanddebtvalue_668A__non_null_count,聯徵中心已結清合約的未償債務總額。,totaloutstanddebtvalue_668A,non_null_count,a1,base_suffix,
275,active_dpd_mean__mean,pmts_dpd_1073P_mean__mean,active_dpd_mean,pmts_dpd_1073P_mean,mean,a2,semantic_prefix,prefix=active_dpd
276,active_dpd_mean__max,pmts_dpd_1073P_mean__max,active_dpd_mean,pmts_dpd_1073P_mean,max,a2,semantic_prefix,prefix=active_dpd
277,active_dpd_max__max,pmts_dpd_1073P_max__max,active_dpd_max,pmts_dpd_1073P_max,max,a2,semantic_prefix,prefix=active_dpd
278,active_dpd_std__mean,pmts_dpd_1073P_std__mean,active_dpd_std,pmts_dpd_1073P_std,mean,a2,semantic_prefix,prefix=active_dpd
279,active_dpd_std__max,pmts_dpd_1073P_std__max,active_dpd_std,pmts_dpd_1073P_std,max,a2,semantic_prefix,prefix=active_dpd
280,active_dpd_median__mean,pmts_dpd_1073P_median__mean,active_dpd_median,pmts_dpd_1073P_median,mean,a2,semantic_prefix,prefix=active_dpd
281,active_dpd_median__max,pmts_dpd_1073P_median__max,active_dpd_median,pmts_dpd_1073P_median,max,a2,semantic_prefix,prefix=active_dpd
282,active_dpd_mode__mean_fallback,pmts_dpd_1073P_mode__mean_fallback,active_dpd_mode,pmts_dpd_1073P_mode,mean_fallback,a2,semantic_prefix,prefix=active_dpd
283,active_dpd_mode__max_fallback,pmts_dpd_1073P_mode__max_fallback,active_dpd_mode,pmts_dpd_1073P_mode,max_fallback,a2,semantic_prefix,prefix=active_dpd
284,active_dpd_n_unique__max,pmts_dpd_1073P_n_unique__max,active_dpd_n_unique,pmts_dpd_1073P_n_unique,max,a2,semantic_prefix,prefix=active_dpd
285,active_dpd_n_unique__sum,pmts_dpd_1073P_n_unique__sum,active_dpd_n_unique,pmts_dpd_1073P_n_unique,sum,a2,semantic_prefix,prefix=active_dpd
286,active_dpd_positive_count__sum,pmts_dpd_1073P_positive_count__sum,active_dpd_positive_count,pmts_dpd_1073P_positive_count,sum,a2,semantic_prefix,prefix=active_dpd
287,active_dpd_positive_count__max,pmts_dpd_1073P_positive_count__max,active_dpd_positive_count,pmts_dpd_1073P_positive_count,max,a2,semantic_prefix,prefix=active_dpd
288,active_dpd_overdue_rate__weighted_avg,pmts_dpd_1073P_overdue_rate__weighted_avg,active_dpd_overdue_rate,pmts_dpd_1073P_overdue_rate,weighted_avg,a2,semantic_prefix,prefix=active_dpd
289,active_dpd_mean_positive__recomputed,pmts_dpd_1073P_mean_positive__recomputed,active_dpd_mean_positive,pmts_dpd_1073P_mean_positive,recomputed,a2,semantic_prefix,prefix=active_dpd
290,active_dpd_mean_positive__max,pmts_dpd_1073P_mean_positive__max,active_dpd_mean_positive,pmts_dpd_1073P_mean_positive,max,a2,semantic_prefix,prefix=active_dpd
291,active_dpd_sum_positive__sum,pmts_dpd_1073P_sum_positive__sum,active_dpd_sum_positive,pmts_dpd_1073P_sum_positive,sum,a2,semantic_prefix,prefix=active_dpd
292,active_dpd_sum_positive__max,pmts_dpd_1073P_sum_positive__max,active_dpd_sum_positive,pmts_dpd_1073P_sum_positive,max,a2,semantic_prefix,prefix=active_dpd
293,active_dpd_null_count__sum,pmts_dpd_1073P_null_count__sum,active_dpd_null_count,pmts_dpd_1073P_null_count,sum,a2,semantic_prefix,prefix=active_dpd
294,active_dpd_null_count__max,pmts_dpd_1073P_null_count__max,active_dpd_null_count,pmts_dpd_1073P_null_count,max,a2,semantic_prefix,prefix=active_dpd
295,active_dpd_null_rate__weighted_avg,pmts_dpd_1073P_null_rate__weighted_avg,active_dpd_null_rate,pmts_dpd_1073P_null_rate,weighted_avg,a2,semantic_prefix,prefix=active_dpd
296,active_dpd_non_null_count__sum,pmts_dpd_1073P_non_null_count__sum,active_dpd_non_null_count,pmts_dpd_1073P_non_null_count,sum,a2,semantic_prefix,prefix=active_dpd
297,active_dpd_non_null_count__max,pmts_dpd_1073P_non_null_count__max,active_dpd_non_null_count,pmts_dpd_1073P_non_null_count,max,a2,semantic_prefix,prefix=active_dpd
298,closed_dpd_mean__mean,pmts_dpd_303P_mean__mean,closed_dpd_mean,pmts_dpd_303P_mean,mean,a2,semantic_prefix,prefix=closed_dpd
299,closed_dpd_mean__max,pmts_dpd_303P_mean__max,closed_dpd_mean,pmts_dpd_303P_mean,max,a2,semantic_prefix,prefix=closed_dpd
300,closed_dpd_max__max,pmts_dpd_303P_max__max,closed_dpd_max,pmts_dpd_303P_max,max,a2,semantic_prefix,prefix=closed_dpd
301,closed_dpd_std__mean,pmts_dpd_303P_std__mean,closed_dpd_std,pmts_dpd_303P_std,mean,a2,semantic_prefix,prefix=closed_dpd
302,closed_dpd_std__max,pmts_dpd_303P_std__max,closed_dpd_std,pmts_dpd_303P_std,max,a2,semantic_prefix,prefix=closed_dpd
303,closed_dpd_median__mean,pmts_dpd_303P_median__mean,closed_dpd_median,pmts_dpd_303P_median,mean,a2,semantic_prefix,prefix=closed_dpd
304,closed_dpd_median__max,pmts_dpd_303P_median__max,closed_dpd_median,pmts_dpd_303P_median,max,a2,semantic_prefix,prefix=closed_dpd
305,closed_dpd_mode__mean_fallback,pmts_dpd_303P_mode__mean_fallback,closed_dpd_mode,pmts_dpd_303P_mode,mean_fallback,a2,semantic_prefix,prefix=closed_dpd
306,closed_dpd_mode__max_fallback,pmts_dpd_303P_mode__max_fallback,closed_dpd_mode,pmts_dpd_303P_mode,max_fallback,a2,semantic_prefix,prefix=closed_dpd
307,closed_dpd_n_unique__max,pmts_dpd_303P_n_unique__max,closed_dpd_n_unique,pmts_dpd_303P_n_unique,max,a2,semantic_prefix,prefix=closed_dpd
308,closed_dpd_n_unique__sum,pmts_dpd_303P_n_unique__sum,closed_dpd_n_unique,pmts_dpd_303P_n_unique,sum,a2,semantic_prefix,prefix=closed_dpd
309,closed_dpd_positive_count__sum,pmts_dpd_303P_positive_count__sum,closed_dpd_positive_count,pmts_dpd_303P_positive_count,sum,a2,semantic_prefix,prefix=closed_dpd
310,closed_dpd_positive_count__max,pmts_dpd_303P_positive_count__max,closed_dpd_positive_count,pmts_dpd_303P_positive_count,max,a2,semantic_prefix,prefix=closed_dpd
311,closed_dpd_overdue_rate__weighted_avg,pmts_dpd_303P_overdue_rate__weighted_avg,closed_dpd_overdue_rate,pmts_dpd_303P_overdue_rate,weighted_avg,a2,semantic_prefix,prefix=closed_dpd
312,closed_dpd_mean_positive__recomputed,pmts_dpd_303P_mean_positive__recomputed,closed_dpd_mean_positive,pmts_dpd_303P_mean_positive,recomputed,a2,semantic_prefix,prefix=closed_dpd
313,closed_dpd_mean_positive__max,pmts_dpd_303P_mean_positive__max,closed_dpd_mean_positive,pmts_dpd_303P_mean_positive,max,a2,semantic_prefix,prefix=closed_dpd
314,closed_dpd_sum_positive__sum,pmts_dpd_303P_sum_positive__sum,closed_dpd_sum_positive,pmts_dpd_303P_sum_positive,sum,a2,semantic_prefix,prefix=closed_dpd
315,closed_dpd_sum_positive__max,pmts_dpd_303P_sum_positive__max,closed_dpd_sum_positive,pmts_dpd_303P_sum_positive,max,a2,semantic_prefix,prefix=closed_dpd
316,closed_dpd_null_count__sum,pmts_dpd_303P_null_count__sum,closed_dpd_null_count,pmts_dpd_303P_null_count,sum,a2,semantic_prefix,prefix=closed_dpd
317,closed_dpd_null_count__max,pmts_dpd_303P_null_count__max,closed_dpd_null_count,pmts_dpd_303P_null_count,max,a2,semantic_prefix,prefix=closed_dpd
318,closed_dpd_null_rate__weighted_avg,pmts_dpd_303P_null_rate__weighted_avg,closed_dpd_null_rate,pmts_dpd_303P_null_rate,weighted_avg,a2,semantic_prefix,prefix=closed_dpd
319,closed_dpd_non_null_count__sum,pmts_dpd_303P_non_null_count__sum,closed_dpd_non_null_count,pmts_dpd_303P_non_null_count,sum,a2,semantic_prefix,prefix=closed_dpd
320,closed_dpd_non_null_count__max,pmts_dpd_303P_non_null_count__max,closed_dpd_non_null_count,pmts_dpd_303P_non_null_count,max,a2,semantic_prefix,prefix=closed_dpd
321,active_overdue_mean__mean,pmts_overdue_1140A_mean__mean,active_overdue_mean,pmts_overdue_1140A_mean,mean,a2,semantic_prefix,prefix=active_overdue
322,active_overdue_mean__max,pmts_overdue_1140A_mean__max,active_overdue_mean,pmts_overdue_1140A_mean,max,a2,semantic_prefix,prefix=active_overdue
323,active_overdue_max__max,pmts_overdue_1140A_max__max,active_overdue_max,pmts_overdue_1140A_max,max,a2,semantic_prefix,prefix=active_overdue
324,active_overdue_std__mean,pmts_overdue_1140A_std__mean,active_overdue_std,pmts_overdue_1140A_std,mean,a2,semantic_prefix,prefix=active_overdue
325,active_overdue_std__max,pmts_overdue_1140A_std__max,active_overdue_std,pmts_overdue_1140A_std,max,a2,semantic_prefix,prefix=active_overdue
326,active_overdue_median__mean,pmts_overdue_1140A_median__mean,active_overdue_median,pmts_overdue_1140A_median,mean,a2,semantic_prefix,prefix=active_overdue
327,active_overdue_median__max,pmts_overdue_1140A_median__max,active_overdue_median,pmts_overdue_1140A_median,max,a2,semantic_prefix,prefix=active_overdue
328,active_overdue_mode__mean_fallback,pmts_overdue_1140A_mode__mean_fallback,active_overdue_mode,pmts_overdue_1140A_mode,mean_fallback,a2,semantic_prefix,prefix=active_overdue
329,active_overdue_mode__max_fallback,pmts_overdue_1140A_mode__max_fallback,active_overdue_mode,pmts_overdue_1140A_mode,max_fallback,a2,semantic_prefix,prefix=active_overdue
330,active_overdue_n_unique__max,pmts_overdue_1140A_n_unique__max,active_overdue_n_unique,pmts_overdue_1140A_n_unique,max,a2,semantic_prefix,prefix=active_overdue
331,active_overdue_n_unique__sum,pmts_overdue_1140A_n_unique__sum,active_overdue_n_unique,pmts_overdue_1140A_n_unique,sum,a2,semantic_prefix,prefix=active_overdue
332,active_overdue_positive_count__sum,pmts_overdue_1140A_positive_count__sum,active_overdue_positive_count,pmts_overdue_1140A_positive_count,sum,a2,semantic_prefix,prefix=active_overdue
333,active_overdue_positive_count__max,pmts_overdue_1140A_positive_count__max,active_overdue_positive_count,pmts_overdue_1140A_positive_count,max,a2,semantic_prefix,prefix=active_overdue
334,active_overdue_overdue_rate__weighted_avg,pmts_overdue_1140A_overdue_rate__weighted_avg,active_overdue_overdue_rate,pmts_overdue_1140A_overdue_rate,weighted_avg,a2,semantic_prefix,prefix=active_overdue
335,active_overdue_mean_positive__recomputed,pmts_overdue_1140A_mean_positive__recomputed,active_overdue_mean_positive,pmts_overdue_1140A_mean_positive,recomputed,a2,semantic_prefix,prefix=active_overdue
336,active_overdue_mean_positive__max,pmts_overdue_1140A_mean_positive__max,active_overdue_mean_positive,pmts_overdue_1140A_mean_positive,max,a2,semantic_prefix,prefix=active_overdue
337,active_overdue_sum_positive__sum,pmts_overdue_1140A_sum_positive__sum,active_overdue_sum_positive,pmts_overdue_1140A_sum_positive,sum,a2,semantic_prefix,prefix=active_overdue
338,active_overdue_sum_positive__max,pmts_overdue_1140A_sum_positive__max,active_overdue_sum_positive,pmts_overdue_1140A_sum_positive,max,a2,semantic_prefix,prefix=active_overdue
339,active_overdue_null_count__sum,pmts_overdue_1140A_null_count__sum,active_overdue_null_count,pmts_overdue_1140A_null_count,sum,a2,semantic_prefix,prefix=active_overdue
340,active_overdue_null_count__max,pmts_overdue_1140A_null_count__max,active_overdue_null_count,pmts_overdue_1140A_null_count,max,a2,semantic_prefix,prefix=active_overdue
341,active_overdue_null_rate__weighted_avg,pmts_overdue_1140A_null_rate__weighted_avg,active_overdue_null_rate,pmts_overdue_1140A_null_rate,weighted_avg,a2,semantic_prefix,prefix=active_overdue
342,active_overdue_non_null_count__sum,pmts_overdue_1140A_non_null_count__sum,active_overdue_non_null_count,pmts_overdue_1140A_non_null_count,sum,a2,semantic_prefix,prefix=active_overdue
343,active_overdue_non_null_count__max,pmts_overdue_1140A_non_null_count__max,active_overdue_non_null_count,pmts_overdue_1140A_non_null_count,max,a2,semantic_prefix,prefix=active_overdue
344,closed_overdue_mean__mean,pmts_overdue_1152A_mean__mean,closed_overdue_mean,pmts_overdue_1152A_mean,mean,a2,semantic_prefix,prefix=closed_overdue
345,closed_overdue_mean__max,pmts_overdue_1152A_mean__max,closed_overdue_mean,pmts_overdue_1152A_mean,max,a2,semantic_prefix,prefix=closed_overdue
346,closed_overdue_max__max,pmts_overdue_1152A_max__max,closed_overdue_max,pmts_overdue_1152A_max,max,a2,semantic_prefix,prefix=closed_overdue
347,closed_overdue_std__mean,pmts_overdue_1152A_std__mean,closed_overdue_std,pmts_overdue_1152A_std,mean,a2,semantic_prefix,prefix=closed_overdue
348,closed_overdue_std__max,pmts_overdue_1152A_std__max,closed_overdue_std,pmts_overdue_1152A_std,max,a2,semantic_prefix,prefix=closed_overdue
349,closed_overdue_median__mean,pmts_overdue_1152A_median__mean,closed_overdue_median,pmts_overdue_1152A_median,mean,a2,semantic_prefix,prefix=closed_overdue
350,closed_overdue_median__max,pmts_overdue_1152A_median__max,closed_overdue_median,pmts_overdue_1152A_median,max,a2,semantic_prefix,prefix=closed_overdue
351,closed_overdue_mode__mean_fallback,pmts_overdue_1152A_mode__mean_fallback,closed_overdue_mode,pmts_overdue_1152A_mode,mean_fallback,a2,semantic_prefix,prefix=closed_overdue
352,closed_overdue_mode__max_fallback,pmts_overdue_1152A_mode__max_fallback,closed_overdue_mode,pmts_overdue_1152A_mode,max_fallback,a2,semantic_prefix,prefix=closed_overdue
353,closed_overdue_n_unique__max,pmts_overdue_1152A_n_unique__max,closed_overdue_n_unique,pmts_overdue_1152A_n_unique,max,a2,semantic_prefix,prefix=closed_overdue
354,closed_overdue_n_unique__sum,pmts_overdue_1152A_n_unique__sum,closed_overdue_n_unique,pmts_overdue_1152A_n_unique,sum,a2,semantic_prefix,prefix=closed_overdue
355,closed_overdue_positive_count__sum,pmts_overdue_1152A_positive_count__sum,closed_overdue_positive_count,pmts_overdue_1152A_positive_count,sum,a2,semantic_prefix,prefix=closed_overdue
356,closed_overdue_positive_count__max,pmts_overdue_1152A_positive_count__max,closed_overdue_positive_count,pmts_overdue_1152A_positive_count,max,a2,semantic_prefix,prefix=closed_overdue
357,closed_overdue_overdue_rate__weighted_avg,pmts_overdue_1152A_overdue_rate__weighted_avg,closed_overdue_overdue_rate,pmts_overdue_1152A_overdue_rate,weighted_avg,a2,semantic_prefix,prefix=closed_overdue
358,closed_overdue_mean_positive__recomputed,pmts_overdue_1152A_mean_positive__recomputed,closed_overdue_mean_positive,pmts_overdue_1152A_mean_positive,recomputed,a2,semantic_prefix,prefix=closed_overdue
359,closed_overdue_mean_positive__max,pmts_overdue_1152A_mean_positive__max,closed_overdue_mean_positive,pmts_overdue_1152A_mean_positive,max,a2,semantic_prefix,prefix=closed_overdue
360,closed_overdue_sum_positive__sum,pmts_overdue_1152A_sum_positive__sum,closed_overdue_sum_positive,pmts_overdue_1152A_sum_positive,sum,a2,semantic_prefix,prefix=closed_overdue
361,closed_overdue_sum_positive__max,pmts_overdue_1152A_sum_positive__max,closed_overdue_sum_positive,pmts_overdue_1152A_sum_positive,max,a2,semantic_prefix,prefix=closed_overdue
362,closed_overdue_null_count__sum,pmts_overdue_1152A_null_count__sum,closed_overdue_null_count,pmts_overdue_1152A_null_count,sum,a2,semantic_prefix,prefix=closed_overdue
363,closed_overdue_null_count__max,pmts_overdue_1152A_null_count__max,closed_overdue_null_count,pmts_overdue_1152A_null_count,max,a2,semantic_prefix,prefix=closed_overdue
364,closed_overdue_null_rate__weighted_avg,pmts_overdue_1152A_null_rate__weighted_avg,closed_overdue_null_rate,pmts_overdue_1152A_null_rate,weighted_avg,a2,semantic_prefix,prefix=closed_overdue
365,closed_overdue_non_null_count__sum,pmts_overdue_1152A_non_null_count__sum,closed_overdue_non_null_count,pmts_overdue_1152A_non_null_count,sum,a2,semantic_prefix,prefix=closed_overdue
366,closed_overdue_non_null_count__max,pmts_overdue_1152A_non_null_count__max,closed_overdue_non_null_count,pmts_overdue_1152A_non_null_count,max,a2,semantic_prefix,prefix=closed_overdue
367,active_collateral_value_mean__mean,collater_valueofguarantee_1124L_mean__mean,active_collateral_value_mean,collater_valueofguarantee_1124L_mean,mean,a2,semantic_prefix,prefix=active_collateral_value
368,active_collateral_value_mean__max,collater_valueofguarantee_1124L_mean__max,active_collateral_value_mean,collater_valueofguarantee_1124L_mean,max,a2,semantic_prefix,prefix=active_collateral_value
369,active_collateral_value_max__max,collater_valueofguarantee_1124L_max__max,active_collateral_value_max,collater_valueofguarantee_1124L_max,max,a2,semantic_prefix,prefix=active_collateral_value
370,active_collateral_value_std__mean,collater_valueofguarantee_1124L_std__mean,active_collateral_value_std,collater_valueofguarantee_1124L_std,mean,a2,semantic_prefix,prefix=active_collateral_value
371,active_collateral_value_std__max,collater_valueofguarantee_1124L_std__max,active_collateral_value_std,collater_valueofguarantee_1124L_std,max,a2,semantic_prefix,prefix=active_collateral_value
372,active_collateral_value_median__mean,collater_valueofguarantee_1124L_median__mean,active_collateral_value_median,collater_valueofguarantee_1124L_median,mean,a2,semantic_prefix,prefix=active_collateral_value
373,active_collateral_value_median__max,collater_valueofguarantee_1124L_median__max,active_collateral_value_median,collater_valueofguarantee_1124L_median,max,a2,semantic_prefix,prefix=active_collateral_value
374,active_collateral_value_mode__mean_fallback,collater_valueofguarantee_1124L_mode__mean_fallback,active_collateral_value_mode,collater_valueofguarantee_1124L_mode,mean_fallback,a2,semantic_prefix,prefix=active_collateral_value
375,active_collateral_value_mode__max_fallback,collater_valueofguarantee_1124L_mode__max_fallback,active_collateral_value_mode,collater_valueofguarantee_1124L_mode,max_fallback,a2,semantic_prefix,prefix=active_collateral_value
376,active_collateral_value_n_unique__max,collater_valueofguarantee_1124L_n_unique__max,active_collateral_value_n_unique,collater_valueofguarantee_1124L_n_unique,max,a2,semantic_prefix,prefix=active_collateral_value
377,active_collateral_value_n_unique__sum,collater_valueofguarantee_1124L_n_unique__sum,active_collateral_value_n_unique,collater_valueofguarantee_1124L_n_unique,sum,a2,semantic_prefix,prefix=active_collateral_value
378,active_collateral_value_positive_count__sum,collater_valueofguarantee_1124L_positive_count__sum,active_collateral_value_positive_count,collater_valueofguarantee_1124L_positive_count,sum,a2,semantic_prefix,prefix=active_collateral_value
379,active_collateral_value_positive_count__max,collater_valueofguarantee_1124L_positive_count__max,active_collateral_value_positive_count,collater_valueofguarantee_1124L_positive_count,max,a2,semantic_prefix,prefix=active_collateral_value
380,active_collateral_value_overdue_rate__weighted_avg,collater_valueofguarantee_1124L_overdue_rate__weighted_avg,active_collateral_value_overdue_rate,collater_valueofguarantee_1124L_overdue_rate,weighted_avg,a2,semantic_prefix,prefix=active_collateral_value
381,active_collateral_value_mean_positive__recomputed,collater_valueofguarantee_1124L_mean_positive__recomputed,active_collateral_value_mean_positive,collater_valueofguarantee_1124L_mean_positive,recomputed,a2,semantic_prefix,prefix=active_collateral_value
382,active_collateral_value_mean_positive__max,collater_valueofguarantee_1124L_mean_positive__max,active_collateral_value_mean_positive,collater_valueofguarantee_1124L_mean_positive,max,a2,semantic_prefix,prefix=active_collateral_value
383,active_collateral_value_sum_positive__sum,collater_valueofguarantee_1124L_sum_positive__sum,active_collateral_value_sum_positive,collater_valueofguarantee_1124L_sum_positive,sum,a2,semantic_prefix,prefix=active_collateral_value
384,active_collateral_value_sum_positive__max,collater_valueofguarantee_1124L_sum_positive__max,active_collateral_value_sum_positive,collater_valueofguarantee_1124L_sum_positive,max,a2,semantic_prefix,prefix=active_collateral_value
385,active_collateral_value_null_count__sum,collater_valueofguarantee_1124L_null_count__sum,active_collateral_value_null_count,collater_valueofguarantee_1124L_null_count,sum,a2,semantic_prefix,prefix=active_collateral_value
386,active_collateral_value_null_count__max,collater_valueofguarantee_1124L_null_count__max,active_collateral_value_null_count,collater_valueofguarantee_1124L_null_count,max,a2,semantic_prefix,prefix=active_collateral_value
387,active_collateral_value_null_rate__weighted_avg,collater_valueofguarantee_1124L_null_rate__weighted_avg,active_collateral_value_null_rate,collater_valueofguarantee_1124L_null_rate,weighted_avg,a2,semantic_prefix,prefix=active_collateral_value
388,active_collateral_value_non_null_count__sum,collater_valueofguarantee_1124L_non_null_count__sum,active_collateral_value_non_null_count,collater_valueofguarantee_1124L_non_null_count,sum,a2,semantic_prefix,prefix=active_collateral_value
389,active_collateral_value_non_null_count__max,collater_valueofguarantee_1124L_non_null_count__max,active_collateral_value_non_null_count,collater_valueofguarantee_1124L_non_null_count,max,a2,semantic_prefix,prefix=active_collateral_value
390,closed_collateral_value_mean__mean,collater_valueofguarantee_876L_mean__mean,closed_collateral_value_mean,collater_valueofguarantee_876L_mean,mean,a2,semantic_prefix,prefix=closed_collateral_value
391,closed_collateral_value_mean__max,collater_valueofguarantee_876L_mean__max,closed_collateral_value_mean,collater_valueofguarantee_876L_mean,max,a2,semantic_prefix,prefix=closed_collateral_value
392,closed_collateral_value_max__max,collater_valueofguarantee_876L_max__max,closed_collateral_value_max,collater_valueofguarantee_876L_max,max,a2,semantic_prefix,prefix=closed_collateral_value
393,closed_collateral_value_std__mean,collater_valueofguarantee_876L_std__mean,closed_collateral_value_std,collater_valueofguarantee_876L_std,mean,a2,semantic_prefix,prefix=closed_collateral_value
394,closed_collateral_value_std__max,collater_valueofguarantee_876L_std__max,closed_collateral_value_std,collater_valueofguarantee_876L_std,max,a2,semantic_prefix,prefix=closed_collateral_value
395,closed_collateral_value_median__mean,collater_valueofguarantee_876L_median__mean,closed_collateral_value_median,collater_valueofguarantee_876L_median,mean,a2,semantic_prefix,prefix=closed_collateral_value
396,closed_collateral_value_median__max,collater_valueofguarantee_876L_median__max,closed_collateral_value_median,collater_valueofguarantee_876L_median,max,a2,semantic_prefix,prefix=closed_collateral_value
397,closed_collateral_value_mode__mean_fallback,collater_valueofguarantee_876L_mode__mean_fallback,closed_collateral_value_mode,collater_valueofguarantee_876L_mode,mean_fallback,a2,semantic_prefix,prefix=closed_collateral_value
398,closed_collateral_value_mode__max_fallback,collater_valueofguarantee_876L_mode__max_fallback,closed_collateral_value_mode,collater_valueofguarantee_876L_mode,max_fallback,a2,semantic_prefix,prefix=closed_collateral_value
399,closed_collateral_value_n_unique__max,collater_valueofguarantee_876L_n_unique__max,closed_collateral_value_n_unique,collater_valueofguarantee_876L_n_unique,max,a2,semantic_prefix,prefix=closed_collateral_value
400,closed_collateral_value_n_unique__sum,collater_valueofguarantee_876L_n_unique__sum,closed_collateral_value_n_unique,collater_valueofguarantee_876L_n_unique,sum,a2,semantic_prefix,prefix=closed_collateral_value
401,closed_collateral_value_positive_count__sum,collater_valueofguarantee_876L_positive_count__sum,closed_collateral_value_positive_count,collater_valueofguarantee_876L_positive_count,sum,a2,semantic_prefix,prefix=closed_collateral_value
402,closed_collateral_value_positive_count__max,collater_valueofguarantee_876L_positive_count__max,closed_collateral_value_positive_count,collater_valueofguarantee_876L_positive_count,max,a2,semantic_prefix,prefix=closed_collateral_value
403,closed_collateral_value_overdue_rate__weighted_avg,collater_valueofguarantee_876L_overdue_rate__weighted_avg,closed_collateral_value_overdue_rate,collater_valueofguarantee_876L_overdue_rate,weighted_avg,a2,semantic_prefix,prefix=closed_collateral_value
404,closed_collateral_value_mean_positive__recomputed,collater_valueofguarantee_876L_mean_positive__recomputed,closed_collateral_value_mean_positive,collater_valueofguarantee_876L_mean_positive,recomputed,a2,semantic_prefix,prefix=closed_collateral_value
405,closed_collateral_value_mean_positive__max,collater_valueofguarantee_876L_mean_positive__max,closed_collateral_value_mean_positive,collater_valueofguarantee_876L_mean_positive,max,a2,semantic_prefix,prefix=closed_collateral_value
406,closed_collateral_value_sum_positive__sum,collater_valueofguarantee_876L_sum_positive__sum,closed_collateral_value_sum_positive,collater_valueofguarantee_876L_sum_positive,sum,a2,semantic_prefix,prefix=closed_collateral_value
407,closed_collateral_value_sum_positive__max,collater_valueofguarantee_876L_sum_positive__max,closed_collateral_value_sum_positive,collater_valueofguarantee_876L_sum_positive,max,a2,semantic_prefix,prefix=closed_collateral_value
408,closed_collateral_value_null_count__sum,collater_valueofguarantee_876L_null_count__sum,closed_collateral_value_null_count,collater_valueofguarantee_876L_null_count,sum,a2,semantic_prefix,prefix=closed_collateral_value
409,closed_collateral_value_null_count__max,collater_valueofguarantee_876L_null_count__max,closed_collateral_value_null_count,collater_valueofguarantee_876L_null_count,max,a2,semantic_prefix,prefix=closed_collateral_value
410,closed_collateral_value_null_rate__weighted_avg,collater_valueofguarantee_876L_null_rate__weighted_avg,closed_collateral_value_null_rate,collater_valueofguarantee_876L_null_rate,weighted_avg,a2,semantic_prefix,prefix=closed_collateral_value
411,closed_collateral_value_non_null_count__sum,collater_valueofguarantee_876L_non_null_count__sum,closed_collateral_value_non_null_count,collater_valueofguarantee_876L_non_null_count,sum,a2,semantic_prefix,prefix=closed_collateral_value
412,closed_collateral_value_non_null_count__max,collater_valueofguarantee_876L_non_null_count__max,closed_collateral_value_non_null_count,collater_valueofguarantee_876L_non_null_count,max,a2,semantic_prefix,prefix=closed_collateral_value
413,active_dpd_recent3_mean__mean,pmts_dpd_1073P_recent3_mean__mean,active_dpd_recent3_mean,pmts_dpd_1073P_recent3_mean,mean,a2,semantic_prefix,prefix=active_dpd
414,active_dpd_recent3_mean__max,pmts_dpd_1073P_recent3_mean__max,active_dpd_recent3_mean,pmts_dpd_1073P_recent3_mean,max,a2,semantic_prefix,prefix=active_dpd
415,active_dpd_recent6_mean__mean,pmts_dpd_1073P_recent6_mean__mean,active_dpd_recent6_mean,pmts_dpd_1073P_recent6_mean,mean,a2,semantic_prefix,prefix=active_dpd
416,active_dpd_recent6_mean__max,pmts_dpd_1073P_recent6_mean__max,active_dpd_recent6_mean,pmts_dpd_1073P_recent6_mean,max,a2,semantic_prefix,prefix=active_dpd
417,active_dpd_recent12_mean__mean,pmts_dpd_1073P_recent12_mean__mean,active_dpd_recent12_mean,pmts_dpd_1073P_recent12_mean,mean,a2,semantic_prefix,prefix=active_dpd
418,active_dpd_recent12_mean__max,pmts_dpd_1073P_recent12_mean__max,active_dpd_recent12_mean,pmts_dpd_1073P_recent12_mean,max,a2,semantic_prefix,prefix=active_dpd
419,active_dpd_trend__mean,pmts_dpd_1073P_trend__mean,active_dpd_trend,pmts_dpd_1073P_trend,mean,a2,semantic_prefix,prefix=active_dpd
420,active_dpd_trend__max,pmts_dpd_1073P_trend__max,active_dpd_trend,pmts_dpd_1073P_trend,max,a2,semantic_prefix,prefix=active_dpd
421,active_dpd_last__mean_fallback,pmts_dpd_1073P_last__mean_fallback,active_dpd_last,pmts_dpd_1073P_last,mean_fallback,a2,semantic_prefix,prefix=active_dpd
422,active_dpd_last__max_fallback,pmts_dpd_1073P_last__max_fallback,active_dpd_last,pmts_dpd_1073P_last,max_fallback,a2,semantic_prefix,prefix=active_dpd
423,active_dpd_recent_time_key__mean_fallback,pmts_dpd_1073P_recent_time_key__mean_fallback,active_dpd_recent_time_key,pmts_dpd_1073P_recent_time_key,mean_fallback,a2,semantic_prefix,prefix=active_dpd
424,active_dpd_recent_time_key__max_fallback,pmts_dpd_1073P_recent_time_key__max_fallback,active_dpd_recent_time_key,pmts_dpd_1073P_recent_time_key,max_fallback,a2,semantic_prefix,prefix=active_dpd
425,active_dpd_consecutive_max__max,pmts_dpd_1073P_consecutive_max__max,active_dpd_consecutive_max,pmts_dpd_1073P_consecutive_max,max,a2,semantic_prefix,prefix=active_dpd
426,active_dpd_current_streak__max,pmts_dpd_1073P_current_streak__max,active_dpd_current_streak,pmts_dpd_1073P_current_streak,max,a2,semantic_prefix,prefix=active_dpd
427,active_dpd_longest_good_streak__max,pmts_dpd_1073P_longest_good_streak__max,active_dpd_longest_good_streak,pmts_dpd_1073P_longest_good_streak,max,a2,semantic_prefix,prefix=active_dpd
428,closed_dpd_recent3_mean__mean,pmts_dpd_303P_recent3_mean__mean,closed_dpd_recent3_mean,pmts_dpd_303P_recent3_mean,mean,a2,semantic_prefix,prefix=closed_dpd
429,closed_dpd_recent3_mean__max,pmts_dpd_303P_recent3_mean__max,closed_dpd_recent3_mean,pmts_dpd_303P_recent3_mean,max,a2,semantic_prefix,prefix=closed_dpd
430,closed_dpd_recent6_mean__mean,pmts_dpd_303P_recent6_mean__mean,closed_dpd_recent6_mean,pmts_dpd_303P_recent6_mean,mean,a2,semantic_prefix,prefix=closed_dpd
431,closed_dpd_recent6_mean__max,pmts_dpd_303P_recent6_mean__max,closed_dpd_recent6_mean,pmts_dpd_303P_recent6_mean,max,a2,semantic_prefix,prefix=closed_dpd
432,closed_dpd_recent12_mean__mean,pmts_dpd_303P_recent12_mean__mean,closed_dpd_recent12_mean,pmts_dpd_303P_recent12_mean,mean,a2,semantic_prefix,prefix=closed_dpd
433,closed_dpd_recent12_mean__max,pmts_dpd_303P_recent12_mean__max,closed_dpd_recent12_mean,pmts_dpd_303P_recent12_mean,max,a2,semantic_prefix,prefix=closed_dpd
434,closed_dpd_trend__mean,pmts_dpd_303P_trend__mean,closed_dpd_trend,pmts_dpd_303P_trend,mean,a2,semantic_prefix,prefix=closed_dpd
435,closed_dpd_trend__max,pmts_dpd_303P_trend__max,closed_dpd_trend,pmts_dpd_303P_trend,max,a2,semantic_prefix,prefix=closed_dpd
436,closed_dpd_last__mean_fallback,pmts_dpd_303P_last__mean_fallback,closed_dpd_last,pmts_dpd_303P_last,mean_fallback,a2,semantic_prefix,prefix=closed_dpd
437,closed_dpd_last__max_fallback,pmts_dpd_303P_last__max_fallback,closed_dpd_last,pmts_dpd_303P_last,max_fallback,a2,semantic_prefix,prefix=closed_dpd
438,closed_dpd_recent_time_key__mean_fallback,pmts_dpd_303P_recent_time_key__mean_fallback,closed_dpd_recent_time_key,pmts_dpd_303P_recent_time_key,mean_fallback,a2,semantic_prefix,prefix=closed_dpd
439,closed_dpd_recent_time_key__max_fallback,pmts_dpd_303P_recent_time_key__max_fallback,closed_dpd_recent_time_key,pmts_dpd_303P_recent_time_key,max_fallback,a2,semantic_prefix,prefix=closed_dpd
440,closed_dpd_consecutive_max__max,pmts_dpd_303P_consecutive_max__max,closed_dpd_consecutive_max,pmts_dpd_303P_consecutive_max,max,a2,semantic_prefix,prefix=closed_dpd
441,closed_dpd_current_streak__max,pmts_dpd_303P_current_streak__max,closed_dpd_current_streak,pmts_dpd_303P_current_streak,max,a2,semantic_prefix,prefix=closed_dpd
442,closed_dpd_longest_good_streak__max,pmts_dpd_303P_longest_good_streak__max,closed_dpd_longest_good_streak,pmts_dpd_303P_longest_good_streak,max,a2,semantic_prefix,prefix=closed_dpd
443,active_payment_date_min__min,pmts_year_1139T_pmts_month_158T_min__min,active_payment_date_min,pmts_year_1139T_pmts_month_158T_min,min,a2,composite_payment_date,prefix=active_payment_date
444,active_payment_date_max__max,pmts_year_1139T_pmts_month_158T_max__max,active_payment_date_max,pmts_year_1139T_pmts_month_158T_max,max,a2,composite_payment_date,prefix=active_payment_date
445,active_payment_date_n_unique__sum,pmts_year_1139T_pmts_month_158T_n_unique__sum,active_payment_date_n_unique,pmts_year_1139T_pmts_month_158T_n_unique,sum,a2,composite_payment_date,prefix=active_payment_date
446,active_payment_date_duration__max,pmts_year_1139T_pmts_month_158T_duration__max,active_payment_date_duration,pmts_year_1139T_pmts_month_158T_duration,max,a2,composite_payment_date,prefix=active_payment_date
447,active_payment_date_duration__mean,pmts_year_1139T_pmts_month_158T_duration__mean,active_payment_date_duration,pmts_year_1139T_pmts_month_158T_duration,mean,a2,composite_payment_date,prefix=active_payment_date
448,active_payment_date_recent__max,pmts_year_1139T_pmts_month_158T_recent__max,active_payment_date_recent,pmts_year_1139T_pmts_month_158T_recent,max,a2,composite_payment_date,prefix=active_payment_date
449,active_payment_date_null_count__sum,pmts_year_1139T_pmts_month_158T_null_count__sum,active_payment_date_null_count,pmts_year_1139T_pmts_month_158T_null_count,sum,a2,composite_payment_date,prefix=active_payment_date
450,active_payment_date_null_count__max,pmts_year_1139T_pmts_month_158T_null_count__max,active_payment_date_null_count,pmts_year_1139T_pmts_month_158T_null_count,max,a2,composite_payment_date,prefix=active_payment_date
451,active_payment_date_null_rate__weighted_avg,pmts_year_1139T_pmts_month_158T_null_rate__weighted_avg,active_payment_date_null_rate,pmts_year_1139T_pmts_month_158T_null_rate,weighted_avg,a2,composite_payment_date,prefix=active_payment_date
452,active_payment_date_non_null_count__sum,pmts_year_1139T_pmts_month_158T_non_null_count__sum,active_payment_date_non_null_count,pmts_year_1139T_pmts_month_158T_non_null_count,sum,a2,composite_payment_date,prefix=active_payment_date
453,active_payment_date_non_null_count__max,pmts_year_1139T_pmts_month_158T_non_null_count__max,active_payment_date_non_null_count,pmts_year_1139T_pmts_month_158T_non_null_count,max,a2,composite_payment_date,prefix=active_payment_date
454,closed_payment_date_min__min,pmts_year_507T_pmts_month_706T_min__min,closed_payment_date_min,pmts_year_507T_pmts_month_706T_min,min,a2,composite_payment_date,prefix=closed_payment_date
455,closed_payment_date_max__max,pmts_year_507T_pmts_month_706T_max__max,closed_payment_date_max,pmts_year_507T_pmts_month_706T_max,max,a2,composite_payment_date,prefix=closed_payment_date
456,closed_payment_date_n_unique__sum,pmts_year_507T_pmts_month_706T_n_unique__sum,closed_payment_date_n_unique,pmts_year_507T_pmts_month_706T_n_unique,sum,a2,composite_payment_date,prefix=closed_payment_date
457,closed_payment_date_duration__max,pmts_year_507T_pmts_month_706T_duration__max,closed_payment_date_duration,pmts_year_507T_pmts_month_706T_duration,max,a2,composite_payment_date,prefix=closed_payment_date
458,closed_payment_date_duration__mean,pmts_year_507T_pmts_month_706T_duration__mean,closed_payment_date_duration,pmts_year_507T_pmts_month_706T_duration,mean,a2,composite_payment_date,prefix=closed_payment_date
459,closed_payment_date_recent__max,pmts_year_507T_pmts_month_706T_recent__max,closed_payment_date_recent,pmts_year_507T_pmts_month_706T_recent,max,a2,composite_payment_date,prefix=closed_payment_date
460,closed_payment_date_null_count__sum,pmts_year_507T_pmts_month_706T_null_count__sum,closed_payment_date_null_count,pmts_year_507T_pmts_month_706T_null_count,sum,a2,composite_payment_date,prefix=closed_payment_date
461,closed_payment_date_null_count__max,pmts_year_507T_pmts_month_706T_null_count__max,closed_payment_date_null_count,pmts_year_507T_pmts_month_706T_null_count,max,a2,composite_payment_date,prefix=closed_payment_date
462,closed_payment_date_null_rate__weighted_avg,pmts_year_507T_pmts_month_706T_null_rate__weighted_avg,closed_payment_date_null_rate,pmts_year_507T_pmts_month_706T_null_rate,weighted_avg,a2,composite_payment_date,prefix=closed_payment_date
463,closed_payment_date_non_null_count__sum,pmts_year_507T_pmts_month_706T_non_null_count__sum,closed_payment_date_non_null_count,pmts_year_507T_pmts_month_706T_non_null_count,sum,a2,composite_payment_date,prefix=closed_payment_date
464,closed_payment_date_non_null_count__max,pmts_year_507T_pmts_month_706T_non_null_count__max,closed_payment_date_non_null_count,pmts_year_507T_pmts_month_706T_non_null_count,max,a2,composite_payment_date,prefix=closed_payment_date
465,active_eval_type_mode__mode,collater_typofvalofguarant_298M_mode__mode,active_eval_type_mode,collater_typofvalofguarant_298M_mode,mode,a2,semantic_prefix,prefix=active_eval_type
466,active_eval_type_mode__n_unique,collater_typofvalofguarant_298M_mode__n_unique,active_eval_type_mode,collater_typofvalofguarant_298M_mode,n_unique,a2,semantic_prefix,prefix=active_eval_type
467,active_eval_type_mode__null_rate,collater_typofvalofguarant_298M_mode__null_rate,active_eval_type_mode,collater_typofvalofguarant_298M_mode,null_rate,a2,semantic_prefix,prefix=active_eval_type
468,active_eval_type_mode__non_null_count,collater_typofvalofguarant_298M_mode__non_null_count,active_eval_type_mode,collater_typofvalofguarant_298M_mode,non_null_count,a2,semantic_prefix,prefix=active_eval_type
469,active_eval_type_n_unique__max,collater_typofvalofguarant_298M_n_unique__max,active_eval_type_n_unique,collater_typofvalofguarant_298M_n_unique,max,a2,semantic_prefix,prefix=active_eval_type
470,active_eval_type_n_unique__sum,collater_typofvalofguarant_298M_n_unique__sum,active_eval_type_n_unique,collater_typofvalofguarant_298M_n_unique,sum,a2,semantic_prefix,prefix=active_eval_type
471,active_eval_type_entropy__mean,collater_typofvalofguarant_298M_entropy__mean,active_eval_type_entropy,collater_typofvalofguarant_298M_entropy,mean,a2,semantic_prefix,prefix=active_eval_type
472,active_eval_type_entropy__max,collater_typofvalofguarant_298M_entropy__max,active_eval_type_entropy,collater_typofvalofguarant_298M_entropy,max,a2,semantic_prefix,prefix=active_eval_type
473,active_eval_type_null_count__sum,collater_typofvalofguarant_298M_null_count__sum,active_eval_type_null_count,collater_typofvalofguarant_298M_null_count,sum,a2,semantic_prefix,prefix=active_eval_type
474,active_eval_type_null_count__max,collater_typofvalofguarant_298M_null_count__max,active_eval_type_null_count,collater_typofvalofguarant_298M_null_count,max,a2,semantic_prefix,prefix=active_eval_type
475,active_eval_type_null_rate__weighted_avg,collater_typofvalofguarant_298M_null_rate__weighted_avg,active_eval_type_null_rate,collater_typofvalofguarant_298M_null_rate,weighted_avg,a2,semantic_prefix,prefix=active_eval_type
476,active_eval_type_non_null_count__sum,collater_typofvalofguarant_298M_non_null_count__sum,active_eval_type_non_null_count,collater_typofvalofguarant_298M_non_null_count,sum,a2,semantic_prefix,prefix=active_eval_type
477,active_eval_type_non_null_count__max,collater_typofvalofguarant_298M_non_null_count__max,active_eval_type_non_null_count,collater_typofvalofguarant_298M_non_null_count,max,a2,semantic_prefix,prefix=active_eval_type
478,closed_eval_type_mode__mode,collater_typofvalofguarant_407M_mode__mode,closed_eval_type_mode,collater_typofvalofguarant_407M_mode,mode,a2,semantic_prefix,prefix=closed_eval_type
479,closed_eval_type_mode__n_unique,collater_typofvalofguarant_407M_mode__n_unique,closed_eval_type_mode,collater_typofvalofguarant_407M_mode,n_unique,a2,semantic_prefix,prefix=closed_eval_type
480,closed_eval_type_mode__null_rate,collater_typofvalofguarant_407M_mode__null_rate,closed_eval_type_mode,collater_typofvalofguarant_407M_mode,null_rate,a2,semantic_prefix,prefix=closed_eval_type
481,closed_eval_type_mode__non_null_count,collater_typofvalofguarant_407M_mode__non_null_count,closed_eval_type_mode,collater_typofvalofguarant_407M_mode,non_null_count,a2,semantic_prefix,prefix=closed_eval_type
482,closed_eval_type_n_unique__max,collater_typofvalofguarant_407M_n_unique__max,closed_eval_type_n_unique,collater_typofvalofguarant_407M_n_unique,max,a2,semantic_prefix,prefix=closed_eval_type
483,closed_eval_type_n_unique__sum,collater_typofvalofguarant_407M_n_unique__sum,closed_eval_type_n_unique,collater_typofvalofguarant_407M_n_unique,sum,a2,semantic_prefix,prefix=closed_eval_type
484,closed_eval_type_entropy__mean,collater_typofvalofguarant_407M_entropy__mean,closed_eval_type_entropy,collater_typofvalofguarant_407M_entropy,mean,a2,semantic_prefix,prefix=closed_eval_type
485,closed_eval_type_entropy__max,collater_typofvalofguarant_407M_entropy__max,closed_eval_type_entropy,collater_typofvalofguarant_407M_entropy,max,a2,semantic_prefix,prefix=closed_eval_type
486,closed_eval_type_null_count__sum,collater_typofvalofguarant_407M_null_count__sum,closed_eval_type_null_count,collater_typofvalofguarant_407M_null_count,sum,a2,semantic_prefix,prefix=closed_eval_type
487,closed_eval_type_null_count__max,collater_typofvalofguarant_407M_null_count__max,closed_eval_type_null_count,collater_typofvalofguarant_407M_null_count,max,a2,semantic_prefix,prefix=closed_eval_type
488,closed_eval_type_null_rate__weighted_avg,collater_typofvalofguarant_407M_null_rate__weighted_avg,closed_eval_type_null_rate,collater_typofvalofguarant_407M_null_rate,weighted_avg,a2,semantic_prefix,prefix=closed_eval_type
489,closed_eval_type_non_null_count__sum,collater_typofvalofguarant_407M_non_null_count__sum,closed_eval_type_non_null_count,collater_typofvalofguarant_407M_non_null_count,sum,a2,semantic_prefix,prefix=closed_eval_type
490,closed_eval_type_non_null_count__max,collater_typofvalofguarant_407M_non_null_count__max,closed_eval_type_non_null_count,collater_typofvalofguarant_407M_non_null_count,max,a2,semantic_prefix,prefix=closed_eval_type
491,active_collateral_type_mode__mode,collaterals_typeofguarante_669M_mode__mode,active_collateral_type_mode,collaterals_typeofguarante_669M_mode,mode,a2,semantic_prefix,prefix=active_collateral_type
492,active_collateral_type_mode__n_unique,collaterals_typeofguarante_669M_mode__n_unique,active_collateral_type_mode,collaterals_typeofguarante_669M_mode,n_unique,a2,semantic_prefix,prefix=active_collateral_type
493,active_collateral_type_mode__null_rate,collaterals_typeofguarante_669M_mode__null_rate,active_collateral_type_mode,collaterals_typeofguarante_669M_mode,null_rate,a2,semantic_prefix,prefix=active_collateral_type
494,active_collateral_type_mode__non_null_count,collaterals_typeofguarante_669M_mode__non_null_count,active_collateral_type_mode,collaterals_typeofguarante_669M_mode,non_null_count,a2,semantic_prefix,prefix=active_collateral_type
495,active_collateral_type_n_unique__max,collaterals_typeofguarante_669M_n_unique__max,active_collateral_type_n_unique,collaterals_typeofguarante_669M_n_unique,max,a2,semantic_prefix,prefix=active_collateral_type
496,active_collateral_type_n_unique__sum,collaterals_typeofguarante_669M_n_unique__sum,active_collateral_type_n_unique,collaterals_typeofguarante_669M_n_unique,sum,a2,semantic_prefix,prefix=active_collateral_type
497,active_collateral_type_entropy__mean,collaterals_typeofguarante_669M_entropy__mean,active_collateral_type_entropy,collaterals_typeofguarante_669M_entropy,mean,a2,semantic_prefix,prefix=active_collateral_type
498,active_collateral_type_entropy__max,collaterals_typeofguarante_669M_entropy__max,active_collateral_type_entropy,collaterals_typeofguarante_669M_entropy,max,a2,semantic_prefix,prefix=active_collateral_type
499,active_collateral_type_null_count__sum,collaterals_typeofguarante_669M_null_count__sum,active_collateral_type_null_count,collaterals_typeofguarante_669M_null_count,sum,a2,semantic_prefix,prefix=active_collateral_type
500,active_collateral_type_null_count__max,collaterals_typeofguarante_669M_null_count__max,active_collateral_type_null_count,collaterals_typeofguarante_669M_null_count,max,a2,semantic_prefix,prefix=active_collateral_type
501,active_collateral_type_null_rate__weighted_avg,collaterals_typeofguarante_669M_null_rate__weighted_avg,active_collateral_type_null_rate,collaterals_typeofguarante_669M_null_rate,weighted_avg,a2,semantic_prefix,prefix=active_collateral_type
502,active_collateral_type_non_null_count__sum,collaterals_typeofguarante_669M_non_null_count__sum,active_collateral_type_non_null_count,collaterals_typeofguarante_669M_non_null_count,sum,a2,semantic_prefix,prefix=active_collateral_type
503,active_collateral_type_non_null_count__max,collaterals_typeofguarante_669M_non_null_count__max,active_collateral_type_non_null_count,collaterals_typeofguarante_669M_non_null_count,max,a2,semantic_prefix,prefix=active_collateral_type
504,closed_collateral_type_mode__mode,collaterals_typeofguarante_359M_mode__mode,closed_collateral_type_mode,collaterals_typeofguarante_359M_mode,mode,a2,semantic_prefix,prefix=closed_collateral_type
505,closed_collateral_type_mode__n_unique,collaterals_typeofguarante_359M_mode__n_unique,closed_collateral_type_mode,collaterals_typeofguarante_359M_mode,n_unique,a2,semantic_prefix,prefix=closed_collateral_type
506,closed_collateral_type_mode__null_rate,collaterals_typeofguarante_359M_mode__null_rate,closed_collateral_type_mode,collaterals_typeofguarante_359M_mode,null_rate,a2,semantic_prefix,prefix=closed_collateral_type
507,closed_collateral_type_mode__non_null_count,collaterals_typeofguarante_359M_mode__non_null_count,closed_collateral_type_mode,collaterals_typeofguarante_359M_mode,non_null_count,a2,semantic_prefix,prefix=closed_collateral_type
508,closed_collateral_type_n_unique__max,collaterals_typeofguarante_359M_n_unique__max,closed_collateral_type_n_unique,collaterals_typeofguarante_359M_n_unique,max,a2,semantic_prefix,prefix=closed_collateral_type
509,closed_collateral_type_n_unique__sum,collaterals_typeofguarante_359M_n_unique__sum,closed_collateral_type_n_unique,collaterals_typeofguarante_359M_n_unique,sum,a2,semantic_prefix,prefix=closed_collateral_type
510,closed_collateral_type_entropy__mean,collaterals_typeofguarante_359M_entropy__mean,closed_collateral_type_entropy,collaterals_typeofguarante_359M_entropy,mean,a2,semantic_prefix,prefix=closed_collateral_type
511,closed_collateral_type_entropy__max,collaterals_typeofguarante_359M_entropy__max,closed_collateral_type_entropy,collaterals_typeofguarante_359M_entropy,max,a2,semantic_prefix,prefix=closed_collateral_type
512,closed_collateral_type_null_count__sum,collaterals_typeofguarante_359M_null_count__sum,closed_collateral_type_null_count,collaterals_typeofguarante_359M_null_count,sum,a2,semantic_prefix,prefix=closed_collateral_type
513,closed_collateral_type_null_count__max,collaterals_typeofguarante_359M_null_count__max,closed_collateral_type_null_count,collaterals_typeofguarante_359M_null_count,max,a2,semantic_prefix,prefix=closed_collateral_type
514,closed_collateral_type_null_rate__weighted_avg,collaterals_typeofguarante_359M_null_rate__weighted_avg,closed_collateral_type_null_rate,collaterals_typeofguarante_359M_null_rate,weighted_avg,a2,semantic_prefix,prefix=closed_collateral_type
515,closed_collateral_type_non_null_count__sum,collaterals_typeofguarante_359M_non_null_count__sum,closed_collateral_type_non_null_count,collaterals_typeofguarante_359M_non_null_count,sum,a2,semantic_prefix,prefix=closed_collateral_type
516,closed_collateral_type_non_null_count__max,collaterals_typeofguarante_359M_non_null_count__max,closed_collateral_type_non_null_count,collaterals_typeofguarante_359M_non_null_count,max,a2,semantic_prefix,prefix=closed_collateral_type
517,active_role_mode__mode,subjectroles_name_838M_mode__mode,active_role_mode,subjectroles_name_838M_mode,mode,a2,semantic_prefix,prefix=active_role
518,active_role_mode__n_unique,subjectroles_name_838M_mode__n_unique,active_role_mode,subjectroles_name_838M_mode,n_unique,a2,semantic_prefix,prefix=active_role
519,active_role_mode__null_rate,subjectroles_name_838M_mode__null_rate,active_role_mode,subjectroles_name_838M_mode,null_rate,a2,semantic_prefix,prefix=active_role
520,active_role_mode__non_null_count,subjectroles_name_838M_mode__non_null_count,active_role_mode,subjectroles_name_838M_mode,non_null_count,a2,semantic_prefix,prefix=active_role
521,active_role_n_unique__max,subjectroles_name_838M_n_unique__max,active_role_n_unique,subjectroles_name_838M_n_unique,max,a2,semantic_prefix,prefix=active_role
522,active_role_n_unique__sum,subjectroles_name_838M_n_unique__sum,active_role_n_unique,subjectroles_name_838M_n_unique,sum,a2,semantic_prefix,prefix=active_role
523,active_role_entropy__mean,subjectroles_name_838M_entropy__mean,active_role_entropy,subjectroles_name_838M_entropy,mean,a2,semantic_prefix,prefix=active_role
524,active_role_entropy__max,subjectroles_name_838M_entropy__max,active_role_entropy,subjectroles_name_838M_entropy,max,a2,semantic_prefix,prefix=active_role
525,active_role_null_count__sum,subjectroles_name_838M_null_count__sum,active_role_null_count,subjectroles_name_838M_null_count,sum,a2,semantic_prefix,prefix=active_role
526,active_role_null_count__max,subjectroles_name_838M_null_count__max,active_role_null_count,subjectroles_name_838M_null_count,max,a2,semantic_prefix,prefix=active_role
527,active_role_null_rate__weighted_avg,subjectroles_name_838M_null_rate__weighted_avg,active_role_null_rate,subjectroles_name_838M_null_rate,weighted_avg,a2,semantic_prefix,prefix=active_role
528,active_role_non_null_count__sum,subjectroles_name_838M_non_null_count__sum,active_role_non_null_count,subjectroles_name_838M_non_null_count,sum,a2,semantic_prefix,prefix=active_role
529,active_role_non_null_count__max,subjectroles_name_838M_non_null_count__max,active_role_non_null_count,subjectroles_name_838M_non_null_count,max,a2,semantic_prefix,prefix=active_role
530,closed_role_mode__mode,subjectroles_name_541M_mode__mode,closed_role_mode,subjectroles_name_541M_mode,mode,a2,semantic_prefix,prefix=closed_role
531,closed_role_mode__n_unique,subjectroles_name_541M_mode__n_unique,closed_role_mode,subjectroles_name_541M_mode,n_unique,a2,semantic_prefix,prefix=closed_role
532,closed_role_mode__null_rate,subjectroles_name_541M_mode__null_rate,closed_role_mode,subjectroles_name_541M_mode,null_rate,a2,semantic_prefix,prefix=closed_role
533,closed_role_mode__non_null_count,subjectroles_name_541M_mode__non_null_count,closed_role_mode,subjectroles_name_541M_mode,non_null_count,a2,semantic_prefix,prefix=closed_role
534,closed_role_n_unique__max,subjectroles_name_541M_n_unique__max,closed_role_n_unique,subjectroles_name_541M_n_unique,max,a2,semantic_prefix,prefix=closed_role
535,closed_role_n_unique__sum,subjectroles_name_541M_n_unique__sum,closed_role_n_unique,subjectroles_name_541M_n_unique,sum,a2,semantic_prefix,prefix=closed_role
536,closed_role_entropy__mean,subjectroles_name_541M_entropy__mean,closed_role_entropy,subjectroles_name_541M_entropy,mean,a2,semantic_prefix,prefix=closed_role
537,closed_role_entropy__max,subjectroles_name_541M_entropy__max,closed_role_entropy,subjectroles_name_541M_entropy,max,a2,semantic_prefix,prefix=closed_role
538,closed_role_null_count__sum,subjectroles_name_541M_null_count__sum,closed_role_null_count,subjectroles_name_541M_null_count,sum,a2,semantic_prefix,prefix=closed_role
539,closed_role_null_count__max,subjectroles_name_541M_null_count__max,closed_role_null_count,subjectroles_name_541M_null_count,max,a2,semantic_prefix,prefix=closed_role
540,closed_role_null_rate__weighted_avg,subjectroles_name_541M_null_rate__weighted_avg,closed_role_null_rate,subjectroles_name_541M_null_rate,weighted_avg,a2,semantic_prefix,prefix=closed_role
541,closed_role_non_null_count__sum,subjectroles_name_541M_non_null_count__sum,closed_role_non_null_count,subjectroles_name_541M_non_null_count,sum,a2,semantic_prefix,prefix=closed_role
542,closed_role_non_null_count__max,subjectroles_name_541M_non_null_count__max,closed_role_non_null_count,subjectroles_name_541M_non_null_count,max,a2,semantic_prefix,prefix=closed_role
