source_group,source_column,output_column,aggregation,notes
num_group1_helper,num_group1,num_group1_count,count_rows,
num_group1_helper,num_group1,num_group1_min,min,
num_group1_helper,num_group1,num_group1_max,max,
num_group1_helper,num_group1,num_group1_n_unique,count_distinct,
a1_native,存續中合約的分類。_1,存續中合約的分類。_1__mode,mode,
a1_native,存續中合約的分類。_1,存續中合約的分類。_1__n_unique,count_distinct,
a1_native,存續中合約的分類。_1,存續中合約的分類。_1__null_rate,null_rate,
a1_native,存續中合約的分類。_1,存續中合約的分類。_1__non_null_count,count_non_null,
a1_native,合約狀態。_1,合約狀態。_1__mode,mode,
a1_native,合約狀態。_1,合約狀態。_1__n_unique,count_distinct,
a1_native,合約狀態。_1,合約狀態。_1__null_rate,null_rate,
a1_native,合約狀態。_1,合約狀態。_1__non_null_count,count_non_null,
a1_native,其他合約價值的總和。,其他合約價值的總和。__mean,avg,
a1_native,其他合約價值的總和。,其他合約價值的總和。__max,max,
a1_native,其他合約價值的總和。,其他合約價值的總和。__min,min,
a1_native,其他合約價值的總和。,其他合約價值的總和。__std,stddev_samp,
a1_native,其他合約價值的總和。,其他合約價值的總和。__sum,sum,
a1_native,其他合約價值的總和。,其他合約價值的總和。__null_rate,null_rate,
a1_native,其他合約價值的總和。,其他合約價值的總和。__non_null_count,count_non_null,
a1_native,聯徵中心已結清授信合約的授信額度。,聯徵中心已結清授信合約的授信額度。__mean,avg,
a1_native,聯徵中心已結清授信合約的授信額度。,聯徵中心已結清授信合約的授信額度。__max,max,
a1_native,聯徵中心已結清授信合約的授信額度。,聯徵中心已結清授信合約的授信額度。__min,min,
a1_native,聯徵中心已結清授信合約的授信額度。,聯徵中心已結清授信合約的授信額度。__std,stddev_samp,
a1_native,聯徵中心已結清授信合約的授信額度。,聯徵中心已結清授信合約的授信額度。__sum,sum,
a1_native,聯徵中心已結清授信合約的授信額度。,聯徵中心已結清授信合約的授信額度。__null_rate,null_rate,
a1_native,聯徵中心已結清授信合約的授信額度。,聯徵中心已結清授信合約的授信額度。__non_null_count,count_non_null,
a1_native,存續中貸款的授信額度。_2,存續中貸款的授信額度。_2__mean,avg,
a1_native,存續中貸款的授信額度。_2,存續中貸款的授信額度。_2__max,max,
a1_native,存續中貸款的授信額度。_2,存續中貸款的授信額度。_2__min,min,
a1_native,存續中貸款的授信額度。_2,存續中貸款的授信額度。_2__std,stddev_samp,
a1_native,存續中貸款的授信額度。_2,存續中貸款的授信額度。_2__sum,sum,
a1_native,存續中貸款的授信額度。_2,存續中貸款的授信額度。_2__null_rate,null_rate,
a1_native,存續中貸款的授信額度。_2,存續中貸款的授信額度。_2__non_null_count,count_non_null,
a1_native,現有合約的未償金額。,現有合約的未償金額。__mean,avg,
a1_native,現有合約的未償金額。,現有合約的未償金額。__max,max,
a1_native,現有合約的未償金額。,現有合約的未償金額。__min,min,
a1_native,現有合約的未償金額。,現有合約的未償金額。__std,stddev_samp,
a1_native,現有合約的未償金額。,現有合約的未償金額。__sum,sum,
a1_native,現有合約的未償金額。,現有合約的未償金額。__null_rate,null_rate,
a1_native,現有合約的未償金額。,現有合約的未償金額。__non_null_count,count_non_null,
a1_native,客戶現有授信合約目前的逾期金額。,客戶現有授信合約目前的逾期金額。__mean,avg,
a1_native,客戶現有授信合約目前的逾期金額。,客戶現有授信合約目前的逾期金額。__max,max,
a1_native,客戶現有授信合約目前的逾期金額。,客戶現有授信合約目前的逾期金額。__min,min,
a1_native,客戶現有授信合約目前的逾期金額。,客戶現有授信合約目前的逾期金額。__std,stddev_samp,
a1_native,客戶現有授信合約目前的逾期金額。,客戶現有授信合約目前的逾期金額。__sum,sum,
a1_native,客戶現有授信合約目前的逾期金額。,客戶現有授信合約目前的逾期金額。__null_rate,null_rate,
a1_native,客戶現有授信合約目前的逾期金額。,客戶現有授信合約目前的逾期金額。__non_null_count,count_non_null,
a1_native,聯徵中心對客戶的分類。,聯徵中心對客戶的分類。__mode,mode,
a1_native,聯徵中心對客戶的分類。,聯徵中心對客戶的分類。__n_unique,count_distinct,
a1_native,聯徵中心對客戶的分類。,聯徵中心對客戶的分類。__null_rate,null_rate,
a1_native,聯徵中心對客戶的分類。,聯徵中心對客戶的分類。__non_null_count,count_non_null,
a1_native,存續中合約的最大逾期天數。,存續中合約的最大逾期天數。__mean,avg,
a1_native,存續中合約的最大逾期天數。,存續中合約的最大逾期天數。__max,max,
a1_native,存續中合約的最大逾期天數。,存續中合約的最大逾期天數。__min,min,
a1_native,存續中合約的最大逾期天數。,存續中合約的最大逾期天數。__std,stddev_samp,
a1_native,存續中合約的最大逾期天數。,存續中合約的最大逾期天數。__sum,sum,
a1_native,存續中合約的最大逾期天數。,存續中合約的最大逾期天數。__null_rate,null_rate,
a1_native,存續中合約的最大逾期天數。,存續中合約的最大逾期天數。__non_null_count,count_non_null,
a1_native,已結清合約的最大逾期天數。,已結清合約的最大逾期天數。__mean,avg,
a1_native,已結清合約的最大逾期天數。,已結清合約的最大逾期天數。__max,max,
a1_native,已結清合約的最大逾期天數。,已結清合約的最大逾期天數。__min,min,
a1_native,已結清合約的最大逾期天數。,已結清合約的最大逾期天數。__std,stddev_samp,
a1_native,已結清合約的最大逾期天數。,已結清合約的最大逾期天數。__sum,sum,
a1_native,已結清合約的最大逾期天數。,已結清合約的最大逾期天數。__null_rate,null_rate,
a1_native,已結清合約的最大逾期天數。,已結清合約的最大逾期天數。__non_null_count,count_non_null,
a1_native,聯徵中心存續合約的分期金額。,聯徵中心存續合約的分期金額。__mean,avg,
a1_native,聯徵中心存續合約的分期金額。,聯徵中心存續合約的分期金額。__max,max,
a1_native,聯徵中心存續合約的分期金額。,聯徵中心存續合約的分期金額。__min,min,
a1_native,聯徵中心存續合約的分期金額。,聯徵中心存續合約的分期金額。__std,stddev_samp,
a1_native,聯徵中心存續合約的分期金額。,聯徵中心存續合約的分期金額。__sum,sum,
a1_native,聯徵中心存續合約的分期金額。,聯徵中心存續合約的分期金額。__null_rate,null_rate,
a1_native,聯徵中心存續合約的分期金額。,聯徵中心存續合約的分期金額。__non_null_count,count_non_null,
a1_native,已結清合約的分期金額。,已結清合約的分期金額。__mean,avg,
a1_native,已結清合約的分期金額。,已結清合約的分期金額。__max,max,
a1_native,已結清合約的分期金額。,已結清合約的分期金額。__min,min,
a1_native,已結清合約的分期金額。,已結清合約的分期金額。__std,stddev_samp,
a1_native,已結清合約的分期金額。,已結清合約的分期金額。__sum,sum,
a1_native,已結清合約的分期金額。,已結清合約的分期金額。__null_rate,null_rate,
a1_native,已結清合約的分期金額。,已結清合約的分期金額。__non_null_count,count_non_null,
a1_native,存續中合約的每月分期金額。,存續中合約的每月分期金額。__mean,avg,
a1_native,存續中合約的每月分期金額。,存續中合約的每月分期金額。__max,max,
a1_native,存續中合約的每月分期金額。,存續中合約的每月分期金額。__min,min,
a1_native,存續中合約的每月分期金額。,存續中合約的每月分期金額。__std,stddev_samp,
a1_native,存續中合約的每月分期金額。,存續中合約的每月分期金額。__sum,sum,
a1_native,存續中合約的每月分期金額。,存續中合約的每月分期金額。__null_rate,null_rate,
a1_native,存續中合約的每月分期金額。,存續中合約的每月分期金額。__non_null_count,count_non_null,
a1_native,已結清合約的每月分期繳款金額。,已結清合約的每月分期繳款金額。__mean,avg,
a1_native,已結清合約的每月分期繳款金額。,已結清合約的每月分期繳款金額。__max,max,
a1_native,已結清合約的每月分期繳款金額。,已結清合約的每月分期繳款金額。__min,min,
a1_native,已結清合約的每月分期繳款金額。,已結清合約的每月分期繳款金額。__std,stddev_samp,
a1_native,已結清合約的每月分期繳款金額。,已結清合約的每月分期繳款金額。__sum,sum,
a1_native,已結清合約的每月分期繳款金額。,已結清合約的每月分期繳款金額。__null_rate,null_rate,
a1_native,已結清合約的每月分期繳款金額。,已結清合約的每月分期繳款金額。__non_null_count,count_non_null,
a1_native,已結清合約的未繳分期期數。,已結清合約的未繳分期期數。__mean,avg,
a1_native,已結清合約的未繳分期期數。,已結清合約的未繳分期期數。__max,max,
a1_native,已結清合約的未繳分期期數。,已結清合約的未繳分期期數。__min,min,
a1_native,已結清合約的未繳分期期數。,已結清合約的未繳分期期數。__std,stddev_samp,
a1_native,已結清合約的未繳分期期數。,已結清合約的未繳分期期數。__sum,sum,
a1_native,已結清合約的未繳分期期數。,已結清合約的未繳分期期數。__null_rate,null_rate,
a1_native,已結清合約的未繳分期期數。,已結清合約的未繳分期期數。__non_null_count,count_non_null,
a1_native,存續中合約的未繳分期期數。,存續中合約的未繳分期期數。__mean,avg,
a1_native,存續中合約的未繳分期期數。,存續中合約的未繳分期期數。__max,max,
a1_native,存續中合約的未繳分期期數。,存續中合約的未繳分期期數。__min,min,
a1_native,存續中合約的未繳分期期數。,存續中合約的未繳分期期數。__std,stddev_samp,
a1_native,存續中合約的未繳分期期數。,存續中合約的未繳分期期數。__sum,sum,
a1_native,存續中合約的未繳分期期數。,存續中合約的未繳分期期數。__null_rate,null_rate,
a1_native,存續中合約的未繳分期期數。,存續中合約的未繳分期期數。__non_null_count,count_non_null,
a1_native,存續中合約的未繳分期期數。_1,存續中合約的未繳分期期數。_1__mean,avg,
a1_native,存續中合約的未繳分期期數。_1,存續中合約的未繳分期期數。_1__max,max,
a1_native,存續中合約的未繳分期期數。_1,存續中合約的未繳分期期數。_1__min,min,
a1_native,存續中合約的未繳分期期數。_1,存續中合約的未繳分期期數。_1__std,stddev_samp,
a1_native,存續中合約的未繳分期期數。_1,存續中合約的未繳分期期數。_1__sum,sum,
a1_native,存續中合約的未繳分期期數。_1,存續中合約的未繳分期期數。_1__null_rate,null_rate,
a1_native,存續中合約的未繳分期期數。_1,存續中合約的未繳分期期數。_1__non_null_count,count_non_null,
a1_native,已結清合約逾期分期的最大期數。,已結清合約逾期分期的最大期數。__mean,avg,
a1_native,已結清合約逾期分期的最大期數。,已結清合約逾期分期的最大期數。__max,max,
a1_native,已結清合約逾期分期的最大期數。,已結清合約逾期分期的最大期數。__min,min,
a1_native,已結清合約逾期分期的最大期數。,已結清合約逾期分期的最大期數。__std,stddev_samp,
a1_native,已結清合約逾期分期的最大期數。,已結清合約逾期分期的最大期數。__sum,sum,
a1_native,已結清合約逾期分期的最大期數。,已結清合約逾期分期的最大期數。__null_rate,null_rate,
a1_native,已結清合約逾期分期的最大期數。,已結清合約逾期分期的最大期數。__non_null_count,count_non_null,
a1_native,存續合約逾期分期的最大期數。,存續合約逾期分期的最大期數。__mean,avg,
a1_native,存續合約逾期分期的最大期數。,存續合約逾期分期的最大期數。__max,max,
a1_native,存續合約逾期分期的最大期數。,存續合約逾期分期的最大期數。__min,min,
a1_native,存續合約逾期分期的最大期數。,存續合約逾期分期的最大期數。__std,stddev_samp,
a1_native,存續合約逾期分期的最大期數。,存續合約逾期分期的最大期數。__sum,sum,
a1_native,存續合約逾期分期的最大期數。,存續合約逾期分期的最大期數。__null_rate,null_rate,
a1_native,存續合約逾期分期的最大期數。,存續合約逾期分期的最大期數。__non_null_count,count_non_null,
a1_native,已結清合約的逾期分期期數。,已結清合約的逾期分期期數。__mean,avg,
a1_native,已結清合約的逾期分期期數。,已結清合約的逾期分期期數。__max,max,
a1_native,已結清合約的逾期分期期數。,已結清合約的逾期分期期數。__min,min,
a1_native,已結清合約的逾期分期期數。,已結清合約的逾期分期期數。__std,stddev_samp,
a1_native,已結清合約的逾期分期期數。,已結清合約的逾期分期期數。__sum,sum,
a1_native,已結清合約的逾期分期期數。,已結清合約的逾期分期期數。__null_rate,null_rate,
a1_native,已結清合約的逾期分期期數。,已結清合約的逾期分期期數。__non_null_count,count_non_null,
a1_native,聯徵中心已結清授信合約的未償金額。,聯徵中心已結清授信合約的未償金額。__mean,avg,
a1_native,聯徵中心已結清授信合約的未償金額。,聯徵中心已結清授信合約的未償金額。__max,max,
a1_native,聯徵中心已結清授信合約的未償金額。,聯徵中心已結清授信合約的未償金額。__min,min,
a1_native,聯徵中心已結清授信合約的未償金額。,聯徵中心已結清授信合約的未償金額。__std,stddev_samp,
a1_native,聯徵中心已結清授信合約的未償金額。,聯徵中心已結清授信合約的未償金額。__sum,sum,
a1_native,聯徵中心已結清授信合約的未償金額。,聯徵中心已結清授信合約的未償金額。__null_rate,null_rate,
a1_native,聯徵中心已結清授信合約的未償金額。,聯徵中心已結清授信合約的未償金額。__non_null_count,count_non_null,
a1_native,存續中合約的未償金額。,存續中合約的未償金額。__mean,avg,
a1_native,存續中合約的未償金額。,存續中合約的未償金額。__max,max,
a1_native,存續中合約的未償金額。,存續中合約的未償金額。__min,min,
a1_native,存續中合約的未償金額。,存續中合約的未償金額。__std,stddev_samp,
a1_native,存續中合約的未償金額。,存續中合約的未償金額。__sum,sum,
a1_native,存續中合約的未償金額。,存續中合約的未償金額。__null_rate,null_rate,
a1_native,存續中合約的未償金額。,存續中合約的未償金額。__non_null_count,count_non_null,
a1_native,已結清合約的逾期金額。,已結清合約的逾期金額。__mean,avg,
a1_native,已結清合約的逾期金額。,已結清合約的逾期金額。__max,max,
a1_native,已結清合約的逾期金額。,已結清合約的逾期金額。__min,min,
a1_native,已結清合約的逾期金額。,已結清合約的逾期金額。__std,stddev_samp,
a1_native,已結清合約的逾期金額。,已結清合約的逾期金額。__sum,sum,
a1_native,已結清合約的逾期金額。,已結清合約的逾期金額。__null_rate,null_rate,
a1_native,已結清合約的逾期金額。,已結清合約的逾期金額。__non_null_count,count_non_null,
a1_native,存續中合約的逾期金額。,存續中合約的逾期金額。__mean,avg,
a1_native,存續中合約的逾期金額。,存續中合約的逾期金額。__max,max,
a1_native,存續中合約的逾期金額。,存續中合約的逾期金額。__min,min,
a1_native,存續中合約的逾期金額。,存續中合約的逾期金額。__std,stddev_samp,
a1_native,存續中合約的逾期金額。,存續中合約的逾期金額。__sum,sum,
a1_native,存續中合約的逾期金額。,存續中合約的逾期金額。__null_rate,null_rate,
a1_native,存續中合約的逾期金額。,存續中合約的逾期金額。__non_null_count,count_non_null,
a1_native,存續中合約的最大逾期金額。_2,存續中合約的最大逾期金額。_2__mean,avg,
a1_native,存續中合約的最大逾期金額。_2,存續中合約的最大逾期金額。_2__max,max,
a1_native,存續中合約的最大逾期金額。_2,存續中合約的最大逾期金額。_2__min,min,
a1_native,存續中合約的最大逾期金額。_2,存續中合約的最大逾期金額。_2__std,stddev_samp,
a1_native,存續中合約的最大逾期金額。_2,存續中合約的最大逾期金額。_2__sum,sum,
a1_native,存續中合約的最大逾期金額。_2,存續中合約的最大逾期金額。_2__null_rate,null_rate,
a1_native,存續中合約的最大逾期金額。_2,存續中合約的最大逾期金額。_2__non_null_count,count_non_null,
a1_native,已結清合約的最大逾期金額。_1,已結清合約的最大逾期金額。_1__mean,avg,
a1_native,已結清合約的最大逾期金額。_1,已結清合約的最大逾期金額。_1__max,max,
a1_native,已結清合約的最大逾期金額。_1,已結清合約的最大逾期金額。_1__min,min,
a1_native,已結清合約的最大逾期金額。_1,已結清合約的最大逾期金額。_1__std,stddev_samp,
a1_native,已結清合約的最大逾期金額。_1,已結清合約的最大逾期金額。_1__sum,sum,
a1_native,已結清合約的最大逾期金額。_1,已結清合約的最大逾期金額。_1__null_rate,null_rate,
a1_native,已結清合約的最大逾期金額。_1,已結清合約的最大逾期金額。_1__non_null_count,count_non_null,
a1_native,存續中合約的最大逾期金額。,存續中合約的最大逾期金額。__mean,avg,
a1_native,存續中合約的最大逾期金額。,存續中合約的最大逾期金額。__max,max,
a1_native,存續中合約的最大逾期金額。,存續中合約的最大逾期金額。__min,min,
a1_native,存續中合約的最大逾期金額。,存續中合約的最大逾期金額。__std,stddev_samp,
a1_native,存續中合約的最大逾期金額。,存續中合約的最大逾期金額。__sum,sum,
a1_native,存續中合約的最大逾期金額。,存續中合約的最大逾期金額。__null_rate,null_rate,
a1_native,存續中合約的最大逾期金額。,存續中合約的最大逾期金額。__non_null_count,count_non_null,
a1_native,已結清合約的最大逾期金額。,已結清合約的最大逾期金額。__mean,avg,
a1_native,已結清合約的最大逾期金額。,已結清合約的最大逾期金額。__max,max,
a1_native,已結清合約的最大逾期金額。,已結清合約的最大逾期金額。__min,min,
a1_native,已結清合約的最大逾期金額。,已結清合約的最大逾期金額。__std,stddev_samp,
a1_native,已結清合約的最大逾期金額。,已結清合約的最大逾期金額。__sum,sum,
a1_native,已結清合約的最大逾期金額。,已結清合約的最大逾期金額。__null_rate,null_rate,
a1_native,已結清合約的最大逾期金額。,已結清合約的最大逾期金額。__non_null_count,count_non_null,
a1_native,依聯徵中心，已終止合約的展延次數。,依聯徵中心，已終止合約的展延次數。__mean,avg,
a1_native,依聯徵中心，已終止合約的展延次數。,依聯徵中心，已終止合約的展延次數。__max,max,
a1_native,依聯徵中心，已終止合約的展延次數。,依聯徵中心，已終止合約的展延次數。__min,min,
a1_native,依聯徵中心，已終止合約的展延次數。,依聯徵中心，已終止合約的展延次數。__std,stddev_samp,
a1_native,依聯徵中心，已終止合約的展延次數。,依聯徵中心，已終止合約的展延次數。__sum,sum,
a1_native,依聯徵中心，已終止合約的展延次數。,依聯徵中心，已終止合約的展延次數。__null_rate,null_rate,
a1_native,依聯徵中心，已終止合約的展延次數。,依聯徵中心，已終止合約的展延次數。__non_null_count,count_non_null,
a1_native,存續中合約的展延次數。,存續中合約的展延次數。__mean,avg,
a1_native,存續中合約的展延次數。,存續中合約的展延次數。__max,max,
a1_native,存續中合約的展延次數。,存續中合約的展延次數。__min,min,
a1_native,存續中合約的展延次數。,存續中合約的展延次數。__std,stddev_samp,
a1_native,存續中合約的展延次數。,存續中合約的展延次數。__sum,sum,
a1_native,存續中合約的展延次數。,存續中合約的展延次數。__null_rate,null_rate,
a1_native,存續中合約的展延次數。,存續中合約的展延次數。__non_null_count,count_non_null,
a1_native,存續中合約的授信用途。,存續中合約的授信用途。__mode,mode,
a1_native,存續中合約的授信用途。,存續中合約的授信用途。__n_unique,count_distinct,
a1_native,存續中合約的授信用途。,存續中合約的授信用途。__null_rate,null_rate,
a1_native,存續中合約的授信用途。,存續中合約的授信用途。__non_null_count,count_non_null,
a1_native,已結清合約的剩餘金額。,已結清合約的剩餘金額。__mean,avg,
a1_native,已結清合約的剩餘金額。,已結清合約的剩餘金額。__max,max,
a1_native,已結清合約的剩餘金額。,已結清合約的剩餘金額。__min,min,
a1_native,已結清合約的剩餘金額。,已結清合約的剩餘金額。__std,stddev_samp,
a1_native,已結清合約的剩餘金額。,已結清合約的剩餘金額。__sum,sum,
a1_native,已結清合約的剩餘金額。,已結清合約的剩餘金額。__null_rate,null_rate,
a1_native,已結清合約的剩餘金額。,已結清合約的剩餘金額。__non_null_count,count_non_null,
a1_native,存續中合約的剩餘金額。_1,存續中合約的剩餘金額。_1__mean,avg,
a1_native,存續中合約的剩餘金額。_1,存續中合約的剩餘金額。_1__max,max,
a1_native,存續中合約的剩餘金額。_1,存續中合約的剩餘金額。_1__min,min,
a1_native,存續中合約的剩餘金額。_1,存續中合約的剩餘金額。_1__std,stddev_samp,
a1_native,存續中合約的剩餘金額。_1,存續中合約的剩餘金額。_1__sum,sum,
a1_native,存續中合約的剩餘金額。_1,存續中合約的剩餘金額。_1__null_rate,null_rate,
a1_native,存續中合約的剩餘金額。_1,存續中合約的剩餘金額。_1__non_null_count,count_non_null,
a1_native,存續中授信合約的主體角色。,存續中授信合約的主體角色。__mode,mode,
a1_native,存續中授信合約的主體角色。,存續中授信合約的主體角色。__n_unique,count_distinct,
a1_native,存續中授信合約的主體角色。,存續中授信合約的主體角色。__null_rate,null_rate,
a1_native,存續中授信合約的主體角色。,存續中授信合約的主體角色。__non_null_count,count_non_null,
a1_native,已結清授信合約的主體角色。_1,已結清授信合約的主體角色。_1__mode,mode,
a1_native,已結清授信合約的主體角色。_1,已結清授信合約的主體角色。_1__n_unique,count_distinct,
a1_native,已結清授信合約的主體角色。_1,已結清授信合約的主體角色。_1__null_rate,null_rate,
a1_native,已結清授信合約的主體角色。_1,已結清授信合約的主體角色。_1__non_null_count,count_non_null,
a1_native,已結清合約的總金額。,已結清合約的總金額。__mean,avg,
a1_native,已結清合約的總金額。,已結清合約的總金額。__max,max,
a1_native,已結清合約的總金額。,已結清合約的總金額。__min,min,
a1_native,已結清合約的總金額。,已結清合約的總金額。__std,stddev_samp,
a1_native,已結清合約的總金額。,已結清合約的總金額。__sum,sum,
a1_native,已結清合約的總金額。,已結清合約的總金額。__null_rate,null_rate,
a1_native,已結清合約的總金額。,已結清合約的總金額。__non_null_count,count_non_null,
a1_native,聯徵中心存續中合約的總金額。,聯徵中心存續中合約的總金額。__mean,avg,
a1_native,聯徵中心存續中合約的總金額。,聯徵中心存續中合約的總金額。__max,max,
a1_native,聯徵中心存續中合約的總金額。,聯徵中心存續中合約的總金額。__min,min,
a1_native,聯徵中心存續中合約的總金額。,聯徵中心存續中合約的總金額。__std,stddev_samp,
a1_native,聯徵中心存續中合約的總金額。,聯徵中心存續中合約的總金額。__sum,sum,
a1_native,聯徵中心存續中合約的總金額。,聯徵中心存續中合約的總金額。__null_rate,null_rate,
a1_native,聯徵中心存續中合約的總金額。,聯徵中心存續中合約的總金額。__non_null_count,count_non_null,
a1_native,存續中合約逾期債務的總金額。,存續中合約逾期債務的總金額。__mean,avg,
a1_native,存續中合約逾期債務的總金額。,存續中合約逾期債務的總金額。__max,max,
a1_native,存續中合約逾期債務的總金額。,存續中合約逾期債務的總金額。__min,min,
a1_native,存續中合約逾期債務的總金額。,存續中合約逾期債務的總金額。__std,stddev_samp,
a1_native,存續中合約逾期債務的總金額。,存續中合約逾期債務的總金額。__sum,sum,
a1_native,存續中合約逾期債務的總金額。,存續中合約逾期債務的總金額。__null_rate,null_rate,
a1_native,存續中合約逾期債務的總金額。,存續中合約逾期債務的總金額。__non_null_count,count_non_null,
a1_native,已結清授信合約逾期債務的總金額。,已結清授信合約逾期債務的總金額。__mean,avg,
a1_native,已結清授信合約逾期債務的總金額。,已結清授信合約逾期債務的總金額。__max,max,
a1_native,已結清授信合約逾期債務的總金額。,已結清授信合約逾期債務的總金額。__min,min,
a1_native,已結清授信合約逾期債務的總金額。,已結清授信合約逾期債務的總金額。__std,stddev_samp,
a1_native,已結清授信合約逾期債務的總金額。,已結清授信合約逾期債務的總金額。__sum,sum,
a1_native,已結清授信合約逾期債務的總金額。,已結清授信合約逾期債務的總金額。__null_rate,null_rate,
a1_native,已結清授信合約逾期債務的總金額。,已結清授信合約逾期債務的總金額。__non_null_count,count_non_null,
a1_native,聯徵中心存續中合約的未償債務總額。,聯徵中心存續中合約的未償債務總額。__mean,avg,
a1_native,聯徵中心存續中合約的未償債務總額。,聯徵中心存續中合約的未償債務總額。__max,max,
a1_native,聯徵中心存續中合約的未償債務總額。,聯徵中心存續中合約的未償債務總額。__min,min,
a1_native,聯徵中心存續中合約的未償債務總額。,聯徵中心存續中合約的未償債務總額。__std,stddev_samp,
a1_native,聯徵中心存續中合約的未償債務總額。,聯徵中心存續中合約的未償債務總額。__sum,sum,
a1_native,聯徵中心存續中合約的未償債務總額。,聯徵中心存續中合約的未償債務總額。__null_rate,null_rate,
a1_native,聯徵中心存續中合約的未償債務總額。,聯徵中心存續中合約的未償債務總額。__non_null_count,count_non_null,
a1_native,聯徵中心已結清合約的未償債務總額。,聯徵中心已結清合約的未償債務總額。__mean,avg,
a1_native,聯徵中心已結清合約的未償債務總額。,聯徵中心已結清合約的未償債務總額。__max,max,
a1_native,聯徵中心已結清合約的未償債務總額。,聯徵中心已結清合約的未償債務總額。__min,min,
a1_native,聯徵中心已結清合約的未償債務總額。,聯徵中心已結清合約的未償債務總額。__std,stddev_samp,
a1_native,聯徵中心已結清合約的未償債務總額。,聯徵中心已結清合約的未償債務總額。__sum,sum,
a1_native,聯徵中心已結清合約的未償債務總額。,聯徵中心已結清合約的未償債務總額。__null_rate,null_rate,
a1_native,聯徵中心已結清合約的未償債務總額。,聯徵中心已結清合約的未償債務總額。__non_null_count,count_non_null,
a2_aggregated,active_dpd_mean,active_dpd_mean__mean,avg,
a2_aggregated,active_dpd_mean,active_dpd_mean__max,max,
a2_aggregated,active_dpd_max,active_dpd_max__max,max,
a2_aggregated,active_dpd_std,active_dpd_std__mean,avg,
a2_aggregated,active_dpd_std,active_dpd_std__max,max,
a2_aggregated,active_dpd_median,active_dpd_median__mean,avg,
a2_aggregated,active_dpd_median,active_dpd_median__max,max,
a2_aggregated,active_dpd_mode,active_dpd_mode__mean_fallback,avg,fallback: no semantic suffix rule matched
a2_aggregated,active_dpd_mode,active_dpd_mode__max_fallback,max,fallback: no semantic suffix rule matched
a2_aggregated,active_dpd_n_unique,active_dpd_n_unique__max,max,
a2_aggregated,active_dpd_n_unique,active_dpd_n_unique__sum,sum,
a2_aggregated,active_dpd_positive_count,active_dpd_positive_count__sum,sum,
a2_aggregated,active_dpd_positive_count,active_dpd_positive_count__max,max,
a2_aggregated,active_dpd_overdue_rate,active_dpd_overdue_rate__weighted_avg,weighted_avg,weight=active_dpd_non_null_count
a2_aggregated,active_dpd_mean_positive,active_dpd_mean_positive__recomputed,sum_positive_div_positive_count,recomputed from active_dpd_sum_positive and active_dpd_positive_count
a2_aggregated,active_dpd_mean_positive,active_dpd_mean_positive__max,max,
a2_aggregated,active_dpd_sum_positive,active_dpd_sum_positive__sum,sum,
a2_aggregated,active_dpd_sum_positive,active_dpd_sum_positive__max,max,
a2_aggregated,active_dpd_null_count,active_dpd_null_count__sum,sum,
a2_aggregated,active_dpd_null_count,active_dpd_null_count__max,max,
a2_aggregated,active_dpd_null_rate,active_dpd_null_rate__weighted_avg,weighted_avg,weight=active_dpd_non_null_count
a2_aggregated,active_dpd_non_null_count,active_dpd_non_null_count__sum,sum,
a2_aggregated,active_dpd_non_null_count,active_dpd_non_null_count__max,max,
a2_aggregated,closed_dpd_mean,closed_dpd_mean__mean,avg,
a2_aggregated,closed_dpd_mean,closed_dpd_mean__max,max,
a2_aggregated,closed_dpd_max,closed_dpd_max__max,max,
a2_aggregated,closed_dpd_std,closed_dpd_std__mean,avg,
a2_aggregated,closed_dpd_std,closed_dpd_std__max,max,
a2_aggregated,closed_dpd_median,closed_dpd_median__mean,avg,
a2_aggregated,closed_dpd_median,closed_dpd_median__max,max,
a2_aggregated,closed_dpd_mode,closed_dpd_mode__mean_fallback,avg,fallback: no semantic suffix rule matched
a2_aggregated,closed_dpd_mode,closed_dpd_mode__max_fallback,max,fallback: no semantic suffix rule matched
a2_aggregated,closed_dpd_n_unique,closed_dpd_n_unique__max,max,
a2_aggregated,closed_dpd_n_unique,closed_dpd_n_unique__sum,sum,
a2_aggregated,closed_dpd_positive_count,closed_dpd_positive_count__sum,sum,
a2_aggregated,closed_dpd_positive_count,closed_dpd_positive_count__max,max,
a2_aggregated,closed_dpd_overdue_rate,closed_dpd_overdue_rate__weighted_avg,weighted_avg,weight=closed_dpd_non_null_count
a2_aggregated,closed_dpd_mean_positive,closed_dpd_mean_positive__recomputed,sum_positive_div_positive_count,recomputed from closed_dpd_sum_positive and closed_dpd_positive_count
a2_aggregated,closed_dpd_mean_positive,closed_dpd_mean_positive__max,max,
a2_aggregated,closed_dpd_sum_positive,closed_dpd_sum_positive__sum,sum,
a2_aggregated,closed_dpd_sum_positive,closed_dpd_sum_positive__max,max,
a2_aggregated,closed_dpd_null_count,closed_dpd_null_count__sum,sum,
a2_aggregated,closed_dpd_null_count,closed_dpd_null_count__max,max,
a2_aggregated,closed_dpd_null_rate,closed_dpd_null_rate__weighted_avg,weighted_avg,weight=closed_dpd_non_null_count
a2_aggregated,closed_dpd_non_null_count,closed_dpd_non_null_count__sum,sum,
a2_aggregated,closed_dpd_non_null_count,closed_dpd_non_null_count__max,max,
a2_aggregated,active_overdue_mean,active_overdue_mean__mean,avg,
a2_aggregated,active_overdue_mean,active_overdue_mean__max,max,
a2_aggregated,active_overdue_max,active_overdue_max__max,max,
a2_aggregated,active_overdue_std,active_overdue_std__mean,avg,
a2_aggregated,active_overdue_std,active_overdue_std__max,max,
a2_aggregated,active_overdue_median,active_overdue_median__mean,avg,
a2_aggregated,active_overdue_median,active_overdue_median__max,max,
a2_aggregated,active_overdue_mode,active_overdue_mode__mean_fallback,avg,fallback: no semantic suffix rule matched
a2_aggregated,active_overdue_mode,active_overdue_mode__max_fallback,max,fallback: no semantic suffix rule matched
a2_aggregated,active_overdue_n_unique,active_overdue_n_unique__max,max,
a2_aggregated,active_overdue_n_unique,active_overdue_n_unique__sum,sum,
a2_aggregated,active_overdue_positive_count,active_overdue_positive_count__sum,sum,
a2_aggregated,active_overdue_positive_count,active_overdue_positive_count__max,max,
a2_aggregated,active_overdue_overdue_rate,active_overdue_overdue_rate__weighted_avg,weighted_avg,weight=active_overdue_non_null_count
a2_aggregated,active_overdue_mean_positive,active_overdue_mean_positive__recomputed,sum_positive_div_positive_count,recomputed from active_overdue_sum_positive and active_overdue_positive_count
a2_aggregated,active_overdue_mean_positive,active_overdue_mean_positive__max,max,
a2_aggregated,active_overdue_sum_positive,active_overdue_sum_positive__sum,sum,
a2_aggregated,active_overdue_sum_positive,active_overdue_sum_positive__max,max,
a2_aggregated,active_overdue_null_count,active_overdue_null_count__sum,sum,
a2_aggregated,active_overdue_null_count,active_overdue_null_count__max,max,
a2_aggregated,active_overdue_null_rate,active_overdue_null_rate__weighted_avg,weighted_avg,weight=active_overdue_non_null_count
a2_aggregated,active_overdue_non_null_count,active_overdue_non_null_count__sum,sum,
a2_aggregated,active_overdue_non_null_count,active_overdue_non_null_count__max,max,
a2_aggregated,closed_overdue_mean,closed_overdue_mean__mean,avg,
a2_aggregated,closed_overdue_mean,closed_overdue_mean__max,max,
a2_aggregated,closed_overdue_max,closed_overdue_max__max,max,
a2_aggregated,closed_overdue_std,closed_overdue_std__mean,avg,
a2_aggregated,closed_overdue_std,closed_overdue_std__max,max,
a2_aggregated,closed_overdue_median,closed_overdue_median__mean,avg,
a2_aggregated,closed_overdue_median,closed_overdue_median__max,max,
a2_aggregated,closed_overdue_mode,closed_overdue_mode__mean_fallback,avg,fallback: no semantic suffix rule matched
a2_aggregated,closed_overdue_mode,closed_overdue_mode__max_fallback,max,fallback: no semantic suffix rule matched
a2_aggregated,closed_overdue_n_unique,closed_overdue_n_unique__max,max,
a2_aggregated,closed_overdue_n_unique,closed_overdue_n_unique__sum,sum,
a2_aggregated,closed_overdue_positive_count,closed_overdue_positive_count__sum,sum,
a2_aggregated,closed_overdue_positive_count,closed_overdue_positive_count__max,max,
a2_aggregated,closed_overdue_overdue_rate,closed_overdue_overdue_rate__weighted_avg,weighted_avg,weight=closed_overdue_non_null_count
a2_aggregated,closed_overdue_mean_positive,closed_overdue_mean_positive__recomputed,sum_positive_div_positive_count,recomputed from closed_overdue_sum_positive and closed_overdue_positive_count
a2_aggregated,closed_overdue_mean_positive,closed_overdue_mean_positive__max,max,
a2_aggregated,closed_overdue_sum_positive,closed_overdue_sum_positive__sum,sum,
a2_aggregated,closed_overdue_sum_positive,closed_overdue_sum_positive__max,max,
a2_aggregated,closed_overdue_null_count,closed_overdue_null_count__sum,sum,
a2_aggregated,closed_overdue_null_count,closed_overdue_null_count__max,max,
a2_aggregated,closed_overdue_null_rate,closed_overdue_null_rate__weighted_avg,weighted_avg,weight=closed_overdue_non_null_count
a2_aggregated,closed_overdue_non_null_count,closed_overdue_non_null_count__sum,sum,
a2_aggregated,closed_overdue_non_null_count,closed_overdue_non_null_count__max,max,
a2_aggregated,active_collateral_value_mean,active_collateral_value_mean__mean,avg,
a2_aggregated,active_collateral_value_mean,active_collateral_value_mean__max,max,
a2_aggregated,active_collateral_value_max,active_collateral_value_max__max,max,
a2_aggregated,active_collateral_value_std,active_collateral_value_std__mean,avg,
a2_aggregated,active_collateral_value_std,active_collateral_value_std__max,max,
a2_aggregated,active_collateral_value_median,active_collateral_value_median__mean,avg,
a2_aggregated,active_collateral_value_median,active_collateral_value_median__max,max,
a2_aggregated,active_collateral_value_mode,active_collateral_value_mode__mean_fallback,avg,fallback: no semantic suffix rule matched
a2_aggregated,active_collateral_value_mode,active_collateral_value_mode__max_fallback,max,fallback: no semantic suffix rule matched
a2_aggregated,active_collateral_value_n_unique,active_collateral_value_n_unique__max,max,
a2_aggregated,active_collateral_value_n_unique,active_collateral_value_n_unique__sum,sum,
a2_aggregated,active_collateral_value_positive_count,active_collateral_value_positive_count__sum,sum,
a2_aggregated,active_collateral_value_positive_count,active_collateral_value_positive_count__max,max,
a2_aggregated,active_collateral_value_overdue_rate,active_collateral_value_overdue_rate__weighted_avg,weighted_avg,weight=active_collateral_value_non_null_count
a2_aggregated,active_collateral_value_mean_positive,active_collateral_value_mean_positive__recomputed,sum_positive_div_positive_count,recomputed from active_collateral_value_sum_positive and active_collateral_value_positive_count
a2_aggregated,active_collateral_value_mean_positive,active_collateral_value_mean_positive__max,max,
a2_aggregated,active_collateral_value_sum_positive,active_collateral_value_sum_positive__sum,sum,
a2_aggregated,active_collateral_value_sum_positive,active_collateral_value_sum_positive__max,max,
a2_aggregated,active_collateral_value_null_count,active_collateral_value_null_count__sum,sum,
a2_aggregated,active_collateral_value_null_count,active_collateral_value_null_count__max,max,
a2_aggregated,active_collateral_value_null_rate,active_collateral_value_null_rate__weighted_avg,weighted_avg,weight=active_collateral_value_non_null_count
a2_aggregated,active_collateral_value_non_null_count,active_collateral_value_non_null_count__sum,sum,
a2_aggregated,active_collateral_value_non_null_count,active_collateral_value_non_null_count__max,max,
a2_aggregated,closed_collateral_value_mean,closed_collateral_value_mean__mean,avg,
a2_aggregated,closed_collateral_value_mean,closed_collateral_value_mean__max,max,
a2_aggregated,closed_collateral_value_max,closed_collateral_value_max__max,max,
a2_aggregated,closed_collateral_value_std,closed_collateral_value_std__mean,avg,
a2_aggregated,closed_collateral_value_std,closed_collateral_value_std__max,max,
a2_aggregated,closed_collateral_value_median,closed_collateral_value_median__mean,avg,
a2_aggregated,closed_collateral_value_median,closed_collateral_value_median__max,max,
a2_aggregated,closed_collateral_value_mode,closed_collateral_value_mode__mean_fallback,avg,fallback: no semantic suffix rule matched
a2_aggregated,closed_collateral_value_mode,closed_collateral_value_mode__max_fallback,max,fallback: no semantic suffix rule matched
a2_aggregated,closed_collateral_value_n_unique,closed_collateral_value_n_unique__max,max,
a2_aggregated,closed_collateral_value_n_unique,closed_collateral_value_n_unique__sum,sum,
a2_aggregated,closed_collateral_value_positive_count,closed_collateral_value_positive_count__sum,sum,
a2_aggregated,closed_collateral_value_positive_count,closed_collateral_value_positive_count__max,max,
a2_aggregated,closed_collateral_value_overdue_rate,closed_collateral_value_overdue_rate__weighted_avg,weighted_avg,weight=closed_collateral_value_non_null_count
a2_aggregated,closed_collateral_value_mean_positive,closed_collateral_value_mean_positive__recomputed,sum_positive_div_positive_count,recomputed from closed_collateral_value_sum_positive and closed_collateral_value_positive_count
a2_aggregated,closed_collateral_value_mean_positive,closed_collateral_value_mean_positive__max,max,
a2_aggregated,closed_collateral_value_sum_positive,closed_collateral_value_sum_positive__sum,sum,
a2_aggregated,closed_collateral_value_sum_positive,closed_collateral_value_sum_positive__max,max,
a2_aggregated,closed_collateral_value_null_count,closed_collateral_value_null_count__sum,sum,
a2_aggregated,closed_collateral_value_null_count,closed_collateral_value_null_count__max,max,
a2_aggregated,closed_collateral_value_null_rate,closed_collateral_value_null_rate__weighted_avg,weighted_avg,weight=closed_collateral_value_non_null_count
a2_aggregated,closed_collateral_value_non_null_count,closed_collateral_value_non_null_count__sum,sum,
a2_aggregated,closed_collateral_value_non_null_count,closed_collateral_value_non_null_count__max,max,
a2_aggregated,active_dpd_recent3_mean,active_dpd_recent3_mean__mean,avg,
a2_aggregated,active_dpd_recent3_mean,active_dpd_recent3_mean__max,max,
a2_aggregated,active_dpd_recent6_mean,active_dpd_recent6_mean__mean,avg,
a2_aggregated,active_dpd_recent6_mean,active_dpd_recent6_mean__max,max,
a2_aggregated,active_dpd_recent12_mean,active_dpd_recent12_mean__mean,avg,
a2_aggregated,active_dpd_recent12_mean,active_dpd_recent12_mean__max,max,
a2_aggregated,active_dpd_trend,active_dpd_trend__mean,avg,
a2_aggregated,active_dpd_trend,active_dpd_trend__max,max,
a2_aggregated,active_dpd_last,active_dpd_last__mean_fallback,avg,fallback: no semantic suffix rule matched
a2_aggregated,active_dpd_last,active_dpd_last__max_fallback,max,fallback: no semantic suffix rule matched
a2_aggregated,active_dpd_recent_time_key,active_dpd_recent_time_key__mean_fallback,avg,fallback: no semantic suffix rule matched
a2_aggregated,active_dpd_recent_time_key,active_dpd_recent_time_key__max_fallback,max,fallback: no semantic suffix rule matched
a2_aggregated,active_dpd_consecutive_max,active_dpd_consecutive_max__max,max,
a2_aggregated,active_dpd_current_streak,active_dpd_current_streak__max,max,
a2_aggregated,active_dpd_longest_good_streak,active_dpd_longest_good_streak__max,max,
a2_aggregated,closed_dpd_recent3_mean,closed_dpd_recent3_mean__mean,avg,
a2_aggregated,closed_dpd_recent3_mean,closed_dpd_recent3_mean__max,max,
a2_aggregated,closed_dpd_recent6_mean,closed_dpd_recent6_mean__mean,avg,
a2_aggregated,closed_dpd_recent6_mean,closed_dpd_recent6_mean__max,max,
a2_aggregated,closed_dpd_recent12_mean,closed_dpd_recent12_mean__mean,avg,
a2_aggregated,closed_dpd_recent12_mean,closed_dpd_recent12_mean__max,max,
a2_aggregated,closed_dpd_trend,closed_dpd_trend__mean,avg,
a2_aggregated,closed_dpd_trend,closed_dpd_trend__max,max,
a2_aggregated,closed_dpd_last,closed_dpd_last__mean_fallback,avg,fallback: no semantic suffix rule matched
a2_aggregated,closed_dpd_last,closed_dpd_last__max_fallback,max,fallback: no semantic suffix rule matched
a2_aggregated,closed_dpd_recent_time_key,closed_dpd_recent_time_key__mean_fallback,avg,fallback: no semantic suffix rule matched
a2_aggregated,closed_dpd_recent_time_key,closed_dpd_recent_time_key__max_fallback,max,fallback: no semantic suffix rule matched
a2_aggregated,closed_dpd_consecutive_max,closed_dpd_consecutive_max__max,max,
a2_aggregated,closed_dpd_current_streak,closed_dpd_current_streak__max,max,
a2_aggregated,closed_dpd_longest_good_streak,closed_dpd_longest_good_streak__max,max,
a2_aggregated,active_payment_date_min,active_payment_date_min__min,min,
a2_aggregated,active_payment_date_max,active_payment_date_max__max,max,
a2_aggregated,active_payment_date_n_unique,active_payment_date_n_unique__sum,sum,
a2_aggregated,active_payment_date_duration,active_payment_date_duration__max,max,
a2_aggregated,active_payment_date_duration,active_payment_date_duration__mean,avg,
a2_aggregated,active_payment_date_recent,active_payment_date_recent__max,max,
a2_aggregated,active_payment_date_null_count,active_payment_date_null_count__sum,sum,
a2_aggregated,active_payment_date_null_count,active_payment_date_null_count__max,max,
a2_aggregated,active_payment_date_null_rate,active_payment_date_null_rate__weighted_avg,weighted_avg,weight=active_payment_date_non_null_count
a2_aggregated,active_payment_date_non_null_count,active_payment_date_non_null_count__sum,sum,
a2_aggregated,active_payment_date_non_null_count,active_payment_date_non_null_count__max,max,
a2_aggregated,closed_payment_date_min,closed_payment_date_min__min,min,
a2_aggregated,closed_payment_date_max,closed_payment_date_max__max,max,
a2_aggregated,closed_payment_date_n_unique,closed_payment_date_n_unique__sum,sum,
a2_aggregated,closed_payment_date_duration,closed_payment_date_duration__max,max,
a2_aggregated,closed_payment_date_duration,closed_payment_date_duration__mean,avg,
a2_aggregated,closed_payment_date_recent,closed_payment_date_recent__max,max,
a2_aggregated,closed_payment_date_null_count,closed_payment_date_null_count__sum,sum,
a2_aggregated,closed_payment_date_null_count,closed_payment_date_null_count__max,max,
a2_aggregated,closed_payment_date_null_rate,closed_payment_date_null_rate__weighted_avg,weighted_avg,weight=closed_payment_date_non_null_count
a2_aggregated,closed_payment_date_non_null_count,closed_payment_date_non_null_count__sum,sum,
a2_aggregated,closed_payment_date_non_null_count,closed_payment_date_non_null_count__max,max,
a2_aggregated,active_eval_type_mode,active_eval_type_mode__mode,mode,
a2_aggregated,active_eval_type_mode,active_eval_type_mode__n_unique,count_distinct,
a2_aggregated,active_eval_type_mode,active_eval_type_mode__null_rate,null_rate,
a2_aggregated,active_eval_type_mode,active_eval_type_mode__non_null_count,count_non_null,
a2_aggregated,active_eval_type_n_unique,active_eval_type_n_unique__max,max,
a2_aggregated,active_eval_type_n_unique,active_eval_type_n_unique__sum,sum,
a2_aggregated,active_eval_type_entropy,active_eval_type_entropy__mean,avg,
a2_aggregated,active_eval_type_entropy,active_eval_type_entropy__max,max,
a2_aggregated,active_eval_type_null_count,active_eval_type_null_count__sum,sum,
a2_aggregated,active_eval_type_null_count,active_eval_type_null_count__max,max,
a2_aggregated,active_eval_type_null_rate,active_eval_type_null_rate__weighted_avg,weighted_avg,weight=active_eval_type_non_null_count
a2_aggregated,active_eval_type_non_null_count,active_eval_type_non_null_count__sum,sum,
a2_aggregated,active_eval_type_non_null_count,active_eval_type_non_null_count__max,max,
a2_aggregated,closed_eval_type_mode,closed_eval_type_mode__mode,mode,
a2_aggregated,closed_eval_type_mode,closed_eval_type_mode__n_unique,count_distinct,
a2_aggregated,closed_eval_type_mode,closed_eval_type_mode__null_rate,null_rate,
a2_aggregated,closed_eval_type_mode,closed_eval_type_mode__non_null_count,count_non_null,
a2_aggregated,closed_eval_type_n_unique,closed_eval_type_n_unique__max,max,
a2_aggregated,closed_eval_type_n_unique,closed_eval_type_n_unique__sum,sum,
a2_aggregated,closed_eval_type_entropy,closed_eval_type_entropy__mean,avg,
a2_aggregated,closed_eval_type_entropy,closed_eval_type_entropy__max,max,
a2_aggregated,closed_eval_type_null_count,closed_eval_type_null_count__sum,sum,
a2_aggregated,closed_eval_type_null_count,closed_eval_type_null_count__max,max,
a2_aggregated,closed_eval_type_null_rate,closed_eval_type_null_rate__weighted_avg,weighted_avg,weight=closed_eval_type_non_null_count
a2_aggregated,closed_eval_type_non_null_count,closed_eval_type_non_null_count__sum,sum,
a2_aggregated,closed_eval_type_non_null_count,closed_eval_type_non_null_count__max,max,
a2_aggregated,active_collateral_type_mode,active_collateral_type_mode__mode,mode,
a2_aggregated,active_collateral_type_mode,active_collateral_type_mode__n_unique,count_distinct,
a2_aggregated,active_collateral_type_mode,active_collateral_type_mode__null_rate,null_rate,
a2_aggregated,active_collateral_type_mode,active_collateral_type_mode__non_null_count,count_non_null,
a2_aggregated,active_collateral_type_n_unique,active_collateral_type_n_unique__max,max,
a2_aggregated,active_collateral_type_n_unique,active_collateral_type_n_unique__sum,sum,
a2_aggregated,active_collateral_type_entropy,active_collateral_type_entropy__mean,avg,
a2_aggregated,active_collateral_type_entropy,active_collateral_type_entropy__max,max,
a2_aggregated,active_collateral_type_null_count,active_collateral_type_null_count__sum,sum,
a2_aggregated,active_collateral_type_null_count,active_collateral_type_null_count__max,max,
a2_aggregated,active_collateral_type_null_rate,active_collateral_type_null_rate__weighted_avg,weighted_avg,weight=active_collateral_type_non_null_count
a2_aggregated,active_collateral_type_non_null_count,active_collateral_type_non_null_count__sum,sum,
a2_aggregated,active_collateral_type_non_null_count,active_collateral_type_non_null_count__max,max,
a2_aggregated,closed_collateral_type_mode,closed_collateral_type_mode__mode,mode,
a2_aggregated,closed_collateral_type_mode,closed_collateral_type_mode__n_unique,count_distinct,
a2_aggregated,closed_collateral_type_mode,closed_collateral_type_mode__null_rate,null_rate,
a2_aggregated,closed_collateral_type_mode,closed_collateral_type_mode__non_null_count,count_non_null,
a2_aggregated,closed_collateral_type_n_unique,closed_collateral_type_n_unique__max,max,
a2_aggregated,closed_collateral_type_n_unique,closed_collateral_type_n_unique__sum,sum,
a2_aggregated,closed_collateral_type_entropy,closed_collateral_type_entropy__mean,avg,
a2_aggregated,closed_collateral_type_entropy,closed_collateral_type_entropy__max,max,
a2_aggregated,closed_collateral_type_null_count,closed_collateral_type_null_count__sum,sum,
a2_aggregated,closed_collateral_type_null_count,closed_collateral_type_null_count__max,max,
a2_aggregated,closed_collateral_type_null_rate,closed_collateral_type_null_rate__weighted_avg,weighted_avg,weight=closed_collateral_type_non_null_count
a2_aggregated,closed_collateral_type_non_null_count,closed_collateral_type_non_null_count__sum,sum,
a2_aggregated,closed_collateral_type_non_null_count,closed_collateral_type_non_null_count__max,max,
a2_aggregated,active_role_mode,active_role_mode__mode,mode,
a2_aggregated,active_role_mode,active_role_mode__n_unique,count_distinct,
a2_aggregated,active_role_mode,active_role_mode__null_rate,null_rate,
a2_aggregated,active_role_mode,active_role_mode__non_null_count,count_non_null,
a2_aggregated,active_role_n_unique,active_role_n_unique__max,max,
a2_aggregated,active_role_n_unique,active_role_n_unique__sum,sum,
a2_aggregated,active_role_entropy,active_role_entropy__mean,avg,
a2_aggregated,active_role_entropy,active_role_entropy__max,max,
a2_aggregated,active_role_null_count,active_role_null_count__sum,sum,
a2_aggregated,active_role_null_count,active_role_null_count__max,max,
a2_aggregated,active_role_null_rate,active_role_null_rate__weighted_avg,weighted_avg,weight=active_role_non_null_count
a2_aggregated,active_role_non_null_count,active_role_non_null_count__sum,sum,
a2_aggregated,active_role_non_null_count,active_role_non_null_count__max,max,
a2_aggregated,closed_role_mode,closed_role_mode__mode,mode,
a2_aggregated,closed_role_mode,closed_role_mode__n_unique,count_distinct,
a2_aggregated,closed_role_mode,closed_role_mode__null_rate,null_rate,
a2_aggregated,closed_role_mode,closed_role_mode__non_null_count,count_non_null,
a2_aggregated,closed_role_n_unique,closed_role_n_unique__max,max,
a2_aggregated,closed_role_n_unique,closed_role_n_unique__sum,sum,
a2_aggregated,closed_role_entropy,closed_role_entropy__mean,avg,
a2_aggregated,closed_role_entropy,closed_role_entropy__max,max,
a2_aggregated,closed_role_null_count,closed_role_null_count__sum,sum,
a2_aggregated,closed_role_null_count,closed_role_null_count__max,max,
a2_aggregated,closed_role_null_rate,closed_role_null_rate__weighted_avg,weighted_avg,weight=closed_role_non_null_count
a2_aggregated,closed_role_non_null_count,closed_role_non_null_count__sum,sum,
a2_aggregated,closed_role_non_null_count,closed_role_non_null_count__max,max,
